time,open,high,low,close,volume
2021-01-14 00:00:00,3803.75,3803.75,3803.25,3803.25,101
2021-01-14 00:01:00,3803.25,3803.5,3803.25,3803.5,21
2021-01-14 00:02:00,3803.25,3803.25,3802.75,3803.0,73
2021-01-14 00:03:00,3803.0,3803.0,3801.5,3802.25,313
2021-01-14 00:04:00,3802.25,3802.25,3800.75,3801.5,336
2021-01-14 00:05:00,3801.75,3803.0,3801.5,3802.75,167
2021-01-14 00:06:00,3803.0,3803.5,3802.75,3802.75,164
2021-01-14 00:07:00,3802.75,3802.75,3801.5,3802.25,179
2021-01-14 00:08:00,3802.0,3802.25,3801.5,3802.0,137
2021-01-14 00:09:00,3802.25,3802.5,3802.0,3802.25,68
2021-01-14 00:10:00,3802.25,3802.25,3802.0,3802.0,60
2021-01-14 00:11:00,3802.0,3802.0,3801.0,3801.0,144
2021-01-14 00:12:00,3801.0,3801.75,3800.75,3801.5,169
2021-01-14 00:13:00,3801.5,3801.5,3800.5,3800.5,279
2021-01-14 00:14:00,3800.5,3801.25,3800.0,3801.0,285
2021-01-14 00:15:00,3801.0,3801.25,3800.75,3800.75,119
2021-01-14 00:16:00,3800.75,3801.25,3800.75,3800.75,196
2021-01-14 00:17:00,3800.5,3800.5,3798.0,3798.25,653
2021-01-14 00:18:00,3798.25,3799.5,3797.75,3798.25,504
2021-01-14 00:19:00,3798.25,3798.5,3796.5,3796.75,497
2021-01-14 00:20:00,3796.75,3797.5,3796.25,3796.5,465
2021-01-14 00:21:00,3796.75,3798.0,3796.5,3797.75,195
2021-01-14 00:22:00,3797.75,3797.75,3796.5,3796.75,244
2021-01-14 00:23:00,3796.75,3797.0,3796.25,3797.0,204
2021-01-14 00:24:00,3797.0,3797.0,3796.5,3796.75,121
2021-01-14 00:25:00,3796.5,3797.25,3796.5,3796.75,147
2021-01-14 00:26:00,3796.75,3798.0,3796.25,3798.0,207
2021-01-14 00:27:00,3797.75,3798.5,3797.5,3798.25,244
2021-01-14 00:28:00,3798.25,3798.25,3797.5,3797.75,138
2021-01-14 00:29:00,3797.75,3798.25,3797.75,3798.0,135
2021-01-14 00:30:00,3798.0,3798.0,3797.25,3797.75,222
2021-01-14 00:31:00,3797.75,3798.25,3797.75,3798.0,74
2021-01-14 00:32:00,3798.0,3798.0,3797.0,3797.5,176
2021-01-14 00:33:00,3797.75,3798.0,3797.5,3798.0,84
2021-01-14 00:34:00,3797.75,3798.5,3797.75,3798.25,127
2021-01-14 00:35:00,3798.25,3799.25,3798.25,3798.75,192
2021-01-14 00:36:00,3798.75,3799.5,3798.75,3799.5,170
2021-01-14 00:37:00,3799.75,3800.0,3799.5,3800.0,137
2021-01-14 00:38:00,3800.0,3800.0,3799.5,3799.75,85
2021-01-14 00:39:00,3799.75,3800.25,3799.75,3800.25,96
2021-01-14 00:40:00,3800.5,3800.5,3799.5,3800.0,96
2021-01-14 00:41:00,3800.0,3800.25,3799.5,3799.75,105
2021-01-14 00:42:00,3799.75,3800.25,3799.25,3800.0,113
2021-01-14 00:43:00,3800.0,3800.25,3799.75,3800.25,95
2021-01-14 00:44:00,3800.25,3800.25,3799.75,3800.0,62
2021-01-14 00:45:00,3800.25,3800.75,3800.0,3800.75,145
2021-01-14 00:46:00,3800.75,3801.75,3800.75,3801.25,260
2021-01-14 00:47:00,3801.25,3802.0,3801.25,3802.0,155
2021-01-14 00:48:00,3802.25,3803.5,3802.25,3802.75,340
2021-01-14 00:49:00,3802.75,3803.5,3802.75,3803.5,153
2021-01-14 00:50:00,3803.25,3803.25,3802.25,3802.25,123
2021-01-14 00:51:00,3802.25,3802.5,3801.75,3802.0,139
2021-01-14 00:52:00,3802.0,3802.0,3801.75,3801.75,137
2021-01-14 00:53:00,3802.0,3802.5,3801.5,3801.5,65
2021-01-14 00:54:00,3801.5,3802.0,3801.5,3801.5,59
2021-01-14 00:55:00,3801.5,3802.25,3801.5,3802.25,119
2021-01-14 00:56:00,3802.25,3802.5,3801.5,3801.75,139
2021-01-14 00:57:00,3801.75,3801.75,3800.75,3800.75,197
2021-01-14 00:58:00,3800.75,3801.25,3800.75,3801.25,91
2021-01-14 00:59:00,3801.0,3801.0,3800.75,3801.0,127
2021-01-14 01:00:00,3801.25,3801.75,3801.0,3801.25,131
2021-01-14 01:01:00,3801.25,3802.75,3801.25,3802.0,163
2021-01-14 01:02:00,3802.0,3802.25,3802.0,3802.0,44
2021-01-14 01:03:00,3802.0,3802.25,3801.75,3801.75,68
2021-01-14 01:04:00,3801.75,3801.75,3801.0,3801.5,123
2021-01-14 01:05:00,3801.5,3802.25,3801.5,3801.5,55
2021-01-14 01:06:00,3801.5,3801.5,3801.5,3801.5,31
2021-01-14 01:07:00,3801.75,3802.5,3801.75,3802.25,67
2021-01-14 01:08:00,3802.5,3802.5,3802.0,3802.5,97
2021-01-14 01:09:00,3802.75,3803.25,3802.5,3802.75,181
2021-01-14 01:10:00,3802.75,3803.0,3802.75,3802.75,93
2021-01-14 01:11:00,3802.75,3803.75,3802.75,3803.25,187
2021-01-14 01:12:00,3803.25,3803.75,3803.0,3803.75,158
2021-01-14 01:13:00,3803.75,3804.0,3803.5,3803.5,68
2021-01-14 01:14:00,3803.75,3804.0,3803.5,3803.75,85
2021-01-14 01:15:00,3803.75,3803.75,3803.0,3803.5,157
2021-01-14 01:16:00,3803.5,3803.75,3803.5,3803.75,74
2021-01-14 01:17:00,3804.0,3804.25,3803.75,3804.0,100
2021-01-14 01:18:00,3804.0,3804.25,3804.0,3804.0,72
2021-01-14 01:19:00,3804.25,3804.25,3803.75,3803.75,149
2021-01-14 01:20:00,3804.0,3804.25,3803.5,3803.5,51
2021-01-14 01:21:00,3803.75,3803.75,3803.0,3803.0,49
2021-01-14 01:22:00,3803.25,3803.25,3802.5,3802.75,66
2021-01-14 01:23:00,3802.75,3802.75,3802.5,3802.5,25
2021-01-14 01:24:00,3802.5,3803.0,3802.25,3803.0,80
2021-01-14 01:25:00,3802.75,3803.25,3802.5,3802.75,57
2021-01-14 01:26:00,3802.5,3803.0,3802.5,3802.75,74
2021-01-14 01:27:00,3802.75,3802.75,3801.75,3802.0,139
2021-01-14 01:28:00,3802.0,3802.0,3800.75,3801.5,252
2021-01-14 01:29:00,3801.5,3801.75,3801.0,3801.25,79
2021-01-14 01:30:00,3801.5,3802.0,3800.75,3802.0,175
2021-01-14 01:31:00,3802.0,3802.25,3801.75,3802.0,65
2021-01-14 01:32:00,3802.0,3802.25,3801.5,3802.25,66
2021-01-14 01:33:00,3802.25,3802.75,3802.25,3802.25,59
2021-01-14 01:34:00,3802.5,3802.5,3801.5,3801.5,44
2021-01-14 01:35:00,3801.5,3802.25,3801.5,3802.25,91
2021-01-14 01:36:00,3802.25,3802.75,3802.25,3802.5,64
2021-01-14 01:37:00,3802.5,3802.75,3802.25,3802.25,44
2021-01-14 01:38:00,3802.5,3802.5,3802.25,3802.5,129
2021-01-14 01:39:00,3802.5,3802.75,3802.25,3802.5,36
2021-01-14 01:40:00,3802.75,3803.25,3802.5,3803.0,47
2021-01-14 01:41:00,3802.75,3803.0,3802.25,3802.25,14
2021-01-14 01:42:00,3802.5,3802.5,3802.25,3802.5,49
2021-01-14 01:43:00,3802.5,3802.5,3802.25,3802.5,32
2021-01-14 01:44:00,3802.25,3802.5,3802.25,3802.25,32
2021-01-14 01:45:00,3802.25,3802.75,3802.0,3802.5,41
2021-01-14 01:46:00,3802.25,3802.25,3801.75,3802.0,62
2021-01-14 01:47:00,3802.0,3802.25,3801.5,3801.5,63
2021-01-14 01:48:00,3802.0,3802.0,3801.5,3801.75,25
2021-01-14 01:49:00,3801.75,3801.75,3801.5,3801.5,38
2021-01-14 01:50:00,3801.75,3802.0,3801.5,3802.0,81
2021-01-14 01:51:00,3801.75,3802.0,3801.75,3801.75,24
2021-01-14 01:52:00,3801.75,3801.75,3801.0,3801.25,85
2021-01-14 01:53:00,3801.25,3801.25,3801.0,3801.25,37
2021-01-14 01:54:00,3801.0,3801.25,3801.0,3801.0,13
2021-01-14 01:55:00,3801.0,3801.5,3801.0,3801.25,48
2021-01-14 01:56:00,3801.25,3801.75,3801.25,3801.5,61
2021-01-14 01:57:00,3801.5,3801.5,3801.0,3801.25,37
2021-01-14 01:58:00,3801.25,3801.25,3801.0,3801.0,29
2021-01-14 01:59:00,3801.0,3801.25,3800.75,3801.0,88
2021-01-14 02:00:00,3801.0,3802.0,3799.5,3800.75,440
2021-01-14 02:01:00,3800.75,3800.75,3799.5,3799.5,116
2021-01-14 02:02:00,3799.75,3800.75,3799.5,3800.5,134
2021-01-14 02:03:00,3800.5,3800.5,3799.5,3800.0,107
2021-01-14 02:04:00,3799.75,3800.0,3799.5,3799.5,47
2021-01-14 02:05:00,3799.75,3800.5,3799.5,3800.0,87
2021-01-14 02:06:00,3800.0,3800.0,3799.25,3799.25,106
2021-01-14 02:07:00,3799.25,3799.25,3798.5,3799.25,89
2021-01-14 02:08:00,3799.25,3799.5,3798.75,3799.0,105
2021-01-14 02:09:00,3799.25,3799.75,3799.0,3799.75,89
2021-01-14 02:10:00,3799.75,3799.75,3799.0,3799.25,52
2021-01-14 02:11:00,3799.5,3799.5,3798.75,3799.0,79
2021-01-14 02:12:00,3799.0,3799.75,3799.0,3799.0,104
2021-01-14 02:13:00,3799.0,3799.75,3799.0,3799.75,54
2021-01-14 02:14:00,3799.75,3800.25,3799.75,3800.25,94
2021-01-14 02:15:00,3800.25,3800.5,3799.5,3799.75,102
2021-01-14 02:16:00,3799.75,3800.0,3798.75,3799.0,91
2021-01-14 02:17:00,3799.0,3799.25,3798.75,3799.0,40
2021-01-14 02:18:00,3799.0,3799.0,3798.75,3799.0,35
2021-01-14 02:19:00,3798.75,3799.25,3798.0,3798.25,132
2021-01-14 02:20:00,3798.25,3798.5,3797.0,3797.75,380
2021-01-14 02:21:00,3797.75,3798.0,3797.5,3798.0,108
2021-01-14 02:22:00,3797.75,3798.25,3797.75,3798.25,107
2021-01-14 02:23:00,3798.5,3799.0,3798.5,3798.75,70
2021-01-14 02:24:00,3798.75,3798.75,3798.5,3798.5,75
2021-01-14 02:25:00,3798.5,3799.75,3798.5,3799.75,128
2021-01-14 02:26:00,3800.0,3800.0,3799.5,3799.5,41
2021-01-14 02:27:00,3799.5,3800.0,3799.25,3799.75,171
2021-01-14 02:28:00,3799.5,3799.75,3799.5,3799.75,42
2021-01-14 02:29:00,3799.5,3800.5,3799.25,3800.5,108
2021-01-14 02:30:00,3800.5,3800.5,3799.25,3799.25,163
2021-01-14 02:31:00,3799.25,3799.25,3798.75,3799.0,109
2021-01-14 02:32:00,3798.75,3799.0,3798.5,3799.0,68
2021-01-14 02:33:00,3798.75,3799.0,3798.25,3798.5,115
2021-01-14 02:34:00,3799.0,3800.0,3799.0,3799.5,77
2021-01-14 02:35:00,3799.5,3799.5,3799.0,3799.0,53
2021-01-14 02:36:00,3798.75,3799.25,3798.5,3799.25,81
2021-01-14 02:37:00,3799.25,3799.5,3799.25,3799.5,79
2021-01-14 02:38:00,3799.75,3800.0,3799.5,3800.0,98
2021-01-14 02:39:00,3800.0,3801.0,3800.0,3800.5,168
2021-01-14 02:40:00,3800.75,3800.75,3800.5,3800.75,67
2021-01-14 02:41:00,3800.75,3801.0,3800.5,3800.75,64
2021-01-14 02:42:00,3800.75,3801.25,3800.5,3800.75,80
2021-01-14 02:43:00,3800.75,3800.75,3800.0,3800.5,81
2021-01-14 02:44:00,3800.5,3800.5,3800.25,3800.25,50
2021-01-14 02:45:00,3800.25,3800.75,3800.25,3800.75,55
2021-01-14 02:46:00,3800.75,3801.0,3800.5,3800.75,70
2021-01-14 02:47:00,3800.75,3801.0,3800.75,3800.75,40
2021-01-14 02:48:00,3800.75,3801.0,3800.75,3801.0,31
2021-01-14 02:49:00,3801.0,3801.5,3800.75,3801.25,59
2021-01-14 02:50:00,3801.25,3801.25,3800.5,3801.0,93
2021-01-14 02:51:00,3800.75,3801.0,3800.5,3801.0,67
2021-01-14 02:52:00,3801.0,3801.0,3800.25,3800.25,78
2021-01-14 02:53:00,3800.5,3800.75,3800.25,3800.5,55
2021-01-14 02:54:00,3800.25,3800.5,3800.0,3800.25,22
2021-01-14 02:55:00,3800.25,3801.25,3800.0,3801.0,106
2021-01-14 02:56:00,3801.25,3801.5,3801.0,3801.25,57
2021-01-14 02:57:00,3801.25,3802.25,3801.25,3802.0,124
2021-01-14 02:58:00,3802.0,3802.25,3801.75,3801.75,84
2021-01-14 02:59:00,3801.75,3802.0,3800.75,3801.25,153
2021-01-14 03:00:00,3801.25,3801.25,3798.5,3799.5,795
2021-01-14 03:01:00,3799.5,3800.5,3799.25,3800.0,265
2021-01-14 03:02:00,3800.0,3800.25,3799.25,3799.25,296
2021-01-14 03:03:00,3799.0,3799.25,3798.5,3798.75,193
2021-01-14 03:04:00,3799.0,3799.25,3798.0,3798.75,309
2021-01-14 03:05:00,3798.75,3799.0,3797.75,3798.25,276
2021-01-14 03:06:00,3798.25,3799.0,3798.0,3799.0,242
2021-01-14 03:07:00,3799.0,3799.5,3798.5,3799.5,173
2021-01-14 03:08:00,3799.25,3799.25,3798.5,3798.75,96
2021-01-14 03:09:00,3798.75,3799.75,3798.75,3799.5,250
2021-01-14 03:10:00,3799.75,3801.25,3799.5,3801.0,299
2021-01-14 03:11:00,3801.25,3801.5,3801.0,3801.0,202
2021-01-14 03:12:00,3801.0,3801.25,3800.25,3800.25,128
2021-01-14 03:13:00,3800.5,3800.5,3799.75,3800.0,279
2021-01-14 03:14:00,3800.0,3800.5,3799.75,3800.0,243
2021-01-14 03:15:00,3800.0,3800.75,3799.75,3800.5,143
2021-01-14 03:16:00,3800.5,3801.0,3800.5,3800.5,82
2021-01-14 03:17:00,3800.75,3802.0,3800.75,3801.5,205
2021-01-14 03:18:00,3801.5,3802.25,3801.25,3802.0,239
2021-01-14 03:19:00,3802.0,3803.5,3802.0,3802.75,532
2021-01-14 03:20:00,3802.75,3803.25,3802.25,3802.75,360
2021-01-14 03:21:00,3802.5,3802.75,3802.5,3802.75,140
2021-01-14 03:22:00,3802.75,3803.5,3802.75,3803.5,151
2021-01-14 03:23:00,3803.5,3804.0,3803.25,3803.75,204
2021-01-14 03:24:00,3803.75,3803.75,3803.0,3803.25,168
2021-01-14 03:25:00,3803.5,3804.5,3803.25,3803.75,300
2021-01-14 03:26:00,3803.75,3804.25,3803.5,3803.75,161
2021-01-14 03:27:00,3803.5,3803.75,3803.25,3803.25,175
2021-01-14 03:28:00,3803.5,3803.5,3803.0,3803.0,63
2021-01-14 03:29:00,3803.0,3803.25,3802.25,3802.25,282
2021-01-14 03:30:00,3802.0,3802.0,3801.5,3801.5,211
2021-01-14 03:31:00,3801.75,3802.0,3801.5,3801.75,158
2021-01-14 03:32:00,3801.75,3801.75,3801.25,3801.5,95
2021-01-14 03:33:00,3801.5,3801.5,3800.5,3800.5,119
2021-01-14 03:34:00,3800.5,3801.25,3800.25,3801.0,131
2021-01-14 03:35:00,3801.0,3801.5,3800.75,3801.5,140
2021-01-14 03:36:00,3801.0,3802.0,3801.0,3802.0,165
2021-01-14 03:37:00,3802.0,3802.5,3802.0,3802.5,100
2021-01-14 03:38:00,3802.25,3802.5,3801.5,3801.75,41
2021-01-14 03:39:00,3801.75,3802.5,3801.5,3802.25,127
2021-01-14 03:40:00,3802.5,3803.75,3802.25,3803.5,160
2021-01-14 03:41:00,3803.5,3804.5,3803.25,3804.5,100
2021-01-14 03:42:00,3804.25,3804.5,3803.25,3803.5,184
2021-01-14 03:43:00,3803.25,3803.75,3803.25,3803.5,107
2021-01-14 03:44:00,3803.5,3803.75,3803.0,3803.5,139
2021-01-14 03:45:00,3803.5,3804.0,3803.5,3804.0,149
2021-01-14 03:46:00,3803.75,3804.5,3803.75,3804.25,120
2021-01-14 03:47:00,3804.25,3804.25,3803.5,3803.75,108
2021-01-14 03:48:00,3803.5,3804.0,3803.5,3803.75,79
2021-01-14 03:49:00,3804.0,3804.25,3803.75,3804.0,138
2021-01-14 03:50:00,3804.0,3804.0,3803.75,3803.75,144
2021-01-14 03:51:00,3804.0,3804.5,3804.0,3804.0,344
2021-01-14 03:52:00,3804.0,3804.25,3804.0,3804.25,90
2021-01-14 03:53:00,3804.5,3804.5,3804.0,3804.5,237
2021-01-14 03:54:00,3804.25,3804.75,3804.25,3804.25,68
2021-01-14 03:55:00,3804.25,3805.0,3804.0,3804.75,440
2021-01-14 03:56:00,3804.75,3804.75,3804.25,3804.5,202
2021-01-14 03:57:00,3804.5,3804.5,3803.75,3804.0,109
2021-01-14 03:58:00,3804.25,3804.25,3803.75,3804.0,54
2021-01-14 03:59:00,3803.75,3803.75,3803.25,3803.5,140
2021-01-14 04:00:00,3803.5,3803.75,3802.75,3803.0,263
2021-01-14 04:01:00,3803.0,3803.25,3802.75,3803.25,288
2021-01-14 04:02:00,3803.0,3803.0,3802.0,3802.5,328
2021-01-14 04:03:00,3802.5,3803.0,3802.0,3803.0,224
2021-01-14 04:04:00,3803.0,3804.25,3803.0,3804.0,333
2021-01-14 04:05:00,3804.0,3804.5,3804.0,3804.5,227
2021-01-14 04:06:00,3804.5,3805.0,3803.75,3803.75,334
2021-01-14 04:07:00,3803.75,3804.0,3802.75,3802.75,476
2021-01-14 04:08:00,3803.0,3803.0,3802.25,3802.25,295
2021-01-14 04:09:00,3802.25,3802.75,3802.25,3802.75,168
2021-01-14 04:10:00,3802.5,3803.25,3802.5,3803.25,113
2021-01-14 04:11:00,3803.0,3803.25,3802.75,3802.75,514
2021-01-14 04:12:00,3802.75,3802.75,3802.0,3802.25,366
2021-01-14 04:13:00,3802.25,3802.25,3802.25,3802.25,236
2021-01-14 04:14:00,3802.25,3802.25,3802.0,3802.0,199
2021-01-14 04:15:00,3802.25,3802.25,3801.75,3802.0,232
2021-01-14 04:16:00,3802.25,3802.25,3802.0,3802.25,154
2021-01-14 04:17:00,3802.25,3803.0,3802.25,3803.0,271
2021-01-14 04:18:00,3802.75,3803.0,3802.25,3802.75,153
2021-01-14 04:19:00,3802.75,3802.75,3802.0,3802.25,208
2021-01-14 04:20:00,3802.5,3802.75,3802.25,3802.75,105
2021-01-14 04:21:00,3802.75,3802.75,3802.25,3802.75,155
2021-01-14 04:22:00,3802.75,3802.75,3802.5,3802.75,71
2021-01-14 04:23:00,3802.5,3802.75,3802.25,3802.75,110
2021-01-14 04:24:00,3802.75,3803.0,3802.5,3802.75,201
2021-01-14 04:25:00,3802.5,3803.0,3802.5,3803.0,56
2021-01-14 04:26:00,3803.0,3803.25,3802.75,3802.75,285
2021-01-14 04:27:00,3803.0,3803.0,3802.75,3803.0,29
2021-01-14 04:28:00,3803.0,3803.0,3802.75,3802.75,105
2021-01-14 04:29:00,3802.75,3802.75,3802.25,3802.75,172
2021-01-14 04:30:00,3802.75,3803.0,3802.75,3802.75,112
2021-01-14 04:31:00,3802.5,3803.0,3802.5,3803.0,154
2021-01-14 04:32:00,3803.0,3803.25,3803.0,3803.0,116
2021-01-14 04:33:00,3803.25,3803.75,3803.25,3803.75,549
2021-01-14 04:34:00,3803.75,3803.75,3803.25,3803.5,241
2021-01-14 04:35:00,3803.5,3803.75,3803.5,3803.5,27
2021-01-14 04:36:00,3803.75,3803.75,3803.5,3803.5,105
2021-01-14 04:37:00,3803.75,3804.0,3803.75,3804.0,73
2021-01-14 04:38:00,3804.0,3804.0,3803.25,3803.25,289
2021-01-14 04:39:00,3803.5,3803.75,3803.25,3803.5,185
2021-01-14 04:40:00,3803.5,3803.5,3803.0,3803.5,260
2021-01-14 04:41:00,3803.5,3804.0,3803.25,3803.25,373
2021-01-14 04:42:00,3803.25,3803.5,3803.0,3803.0,213
2021-01-14 04:43:00,3803.25,3803.25,3802.5,3802.75,131
2021-01-14 04:44:00,3802.75,3802.75,3802.25,3802.75,134
2021-01-14 04:45:00,3802.5,3802.75,3802.5,3802.5,155
2021-01-14 04:46:00,3802.5,3802.75,3802.25,3802.25,125
2021-01-14 04:47:00,3802.5,3802.75,3802.5,3802.75,115
2021-01-14 04:48:00,3802.75,3802.75,3802.5,3802.75,163
2021-01-14 04:49:00,3802.75,3803.0,3802.75,3803.0,236
2021-01-14 04:50:00,3803.0,3803.25,3803.0,3803.25,213
2021-01-14 04:51:00,3803.0,3803.5,3802.75,3803.5,312
2021-01-14 04:52:00,3803.5,3803.5,3803.25,3803.25,351
2021-01-14 04:53:00,3803.25,3803.5,3802.75,3802.75,216
2021-01-14 04:54:00,3802.75,3803.0,3802.75,3803.0,98
2021-01-14 04:55:00,3803.0,3803.25,3803.0,3803.0,259
2021-01-14 04:56:00,3803.0,3803.25,3802.75,3803.25,79
2021-01-14 04:57:00,3803.25,3803.5,3803.0,3803.0,180
2021-01-14 04:58:00,3803.0,3803.0,3802.5,3802.5,102
2021-01-14 04:59:00,3802.5,3802.5,3802.25,3802.25,33
2021-01-14 05:00:00,3802.5,3802.5,3802.0,3802.0,142
2021-01-14 05:01:00,3802.25,3802.25,3801.25,3801.5,398
2021-01-14 05:02:00,3801.5,3801.5,3801.25,3801.25,201
2021-01-14 05:03:00,3801.25,3801.25,3800.75,3801.0,147
2021-01-14 05:04:00,3800.75,3801.25,3800.75,3801.25,298
2021-01-14 05:05:00,3801.25,3801.75,3801.25,3801.25,181
2021-01-14 05:06:00,3801.5,3801.75,3801.25,3801.75,113
2021-01-14 05:07:00,3801.75,3801.75,3801.5,3801.75,194
2021-01-14 05:08:00,3801.5,3801.5,3801.25,3801.25,177
2021-01-14 05:09:00,3801.5,3801.5,3800.75,3800.75,108
2021-01-14 05:10:00,3800.75,3801.0,3800.25,3800.75,150
2021-01-14 05:11:00,3801.0,3801.75,3801.0,3801.75,206
2021-01-14 05:12:00,3801.5,3802.0,3801.5,3801.75,84
2021-01-14 05:13:00,3802.0,3802.25,3801.5,3801.5,38
2021-01-14 05:14:00,3801.5,3802.0,3801.5,3801.75,56
2021-01-14 05:15:00,3801.75,3802.0,3801.75,3802.0,65
2021-01-14 05:16:00,3802.0,3802.0,3801.75,3802.0,36
2021-01-14 05:17:00,3802.25,3802.25,3801.75,3801.75,113
2021-01-14 05:18:00,3801.75,3802.25,3801.75,3802.25,37
2021-01-14 05:19:00,3802.25,3802.25,3801.5,3801.5,67
2021-01-14 05:20:00,3801.5,3801.5,3800.75,3800.75,182
2021-01-14 05:21:00,3801.0,3801.5,3800.75,3801.5,83
2021-01-14 05:22:00,3801.25,3801.5,3801.25,3801.5,99
2021-01-14 05:23:00,3801.5,3801.5,3801.0,3801.25,91
2021-01-14 05:24:00,3801.0,3801.25,3800.5,3800.5,87
2021-01-14 05:25:00,3800.5,3801.0,3800.5,3801.0,72
2021-01-14 05:26:00,3801.0,3801.0,3799.5,3799.75,228
2021-01-14 05:27:00,3799.5,3799.5,3796.75,3797.0,833
2021-01-14 05:28:00,3797.25,3798.75,3797.25,3798.5,493
2021-01-14 05:29:00,3798.75,3798.75,3798.0,3798.25,408
2021-01-14 05:30:00,3798.25,3798.25,3797.25,3798.25,246
2021-01-14 05:31:00,3798.5,3799.0,3798.25,3798.5,167
2021-01-14 05:32:00,3798.5,3799.5,3798.5,3799.25,155
2021-01-14 05:33:00,3799.5,3800.0,3799.25,3799.75,167
2021-01-14 05:34:00,3799.75,3800.0,3799.0,3799.75,123
2021-01-14 05:35:00,3799.75,3800.0,3798.25,3798.25,243
2021-01-14 05:36:00,3798.25,3798.5,3797.25,3797.25,459
2021-01-14 05:37:00,3797.25,3797.25,3795.25,3796.25,855
2021-01-14 05:38:00,3796.0,3796.0,3794.75,3796.0,429
2021-01-14 05:39:00,3796.0,3796.0,3795.0,3795.0,467
2021-01-14 05:40:00,3795.0,3798.0,3795.0,3797.25,728
2021-01-14 05:41:00,3797.5,3798.25,3797.5,3798.25,345
2021-01-14 05:42:00,3798.25,3798.75,3798.25,3798.25,362
2021-01-14 05:43:00,3798.25,3798.25,3797.75,3798.25,148
2021-01-14 05:44:00,3798.25,3798.75,3798.0,3798.25,227
2021-01-14 05:45:00,3798.0,3798.5,3798.0,3798.25,100
2021-01-14 05:46:00,3798.25,3798.25,3796.75,3797.5,218
2021-01-14 05:47:00,3797.75,3798.25,3797.75,3798.0,159
2021-01-14 05:48:00,3798.0,3798.25,3798.0,3798.0,38
2021-01-14 05:49:00,3798.25,3798.5,3798.25,3798.25,58
2021-01-14 05:50:00,3798.25,3798.5,3798.0,3798.25,64
2021-01-14 05:51:00,3798.25,3798.5,3796.5,3797.0,184
2021-01-14 05:52:00,3797.0,3797.75,3796.25,3797.75,318
2021-01-14 05:53:00,3798.0,3798.0,3797.0,3797.0,149
2021-01-14 05:54:00,3797.25,3797.75,3797.25,3797.75,58
2021-01-14 05:55:00,3797.5,3797.5,3796.25,3796.75,168
2021-01-14 05:56:00,3796.5,3796.75,3796.25,3796.75,113
2021-01-14 05:57:00,3796.75,3797.0,3796.5,3796.75,87
2021-01-14 05:58:00,3796.75,3797.75,3796.75,3797.75,118
2021-01-14 05:59:00,3798.0,3798.5,3797.75,3798.25,116
2021-01-14 06:00:00,3798.25,3798.5,3797.5,3797.5,112
2021-01-14 06:01:00,3797.5,3798.5,3797.5,3798.25,119
2021-01-14 06:02:00,3798.25,3798.5,3798.0,3798.0,103
2021-01-14 06:03:00,3798.25,3798.75,3798.0,3798.5,110
2021-01-14 06:04:00,3798.25,3799.0,3798.25,3799.0,201
2021-01-14 06:05:00,3799.0,3799.25,3798.75,3799.0,115
2021-01-14 06:06:00,3798.75,3799.5,3798.75,3799.25,114
2021-01-14 06:07:00,3799.25,3799.25,3799.0,3799.0,65
2021-01-14 06:08:00,3799.0,3799.25,3797.75,3798.0,187
2021-01-14 06:09:00,3798.0,3798.5,3798.0,3798.25,57
2021-01-14 06:10:00,3798.5,3798.5,3797.25,3797.25,201
2021-01-14 06:11:00,3797.25,3797.25,3796.0,3796.25,368
2021-01-14 06:12:00,3796.25,3798.25,3796.0,3798.25,666
2021-01-14 06:13:00,3798.25,3798.25,3796.5,3796.5,391
2021-01-14 06:14:00,3796.75,3797.5,3796.25,3797.25,274
2021-01-14 06:15:00,3797.25,3798.25,3797.25,3798.0,161
2021-01-14 06:16:00,3798.0,3798.0,3797.5,3797.75,89
2021-01-14 06:17:00,3797.75,3798.0,3797.5,3797.75,90
2021-01-14 06:18:00,3797.75,3798.0,3797.75,3798.0,78
2021-01-14 06:19:00,3798.0,3798.25,3798.0,3798.0,91
2021-01-14 06:20:00,3798.0,3798.25,3797.75,3798.0,79
2021-01-14 06:21:00,3798.0,3798.0,3797.75,3798.0,59
2021-01-14 06:22:00,3798.0,3798.75,3798.0,3798.5,137
2021-01-14 06:23:00,3798.5,3798.5,3797.75,3798.0,174
2021-01-14 06:24:00,3798.0,3798.25,3797.75,3798.25,76
2021-01-14 06:25:00,3798.0,3798.0,3795.5,3795.5,877
2021-01-14 06:26:00,3795.75,3796.25,3795.25,3795.5,243
2021-01-14 06:27:00,3795.75,3796.0,3795.5,3795.75,120
2021-01-14 06:28:00,3795.5,3795.5,3794.5,3794.75,256
2021-01-14 06:29:00,3794.5,3795.75,3794.5,3795.5,368
2021-01-14 06:30:00,3795.5,3796.0,3795.25,3796.0,149
2021-01-14 06:31:00,3796.0,3796.25,3795.5,3795.75,192
2021-01-14 06:32:00,3795.75,3796.25,3795.75,3796.0,98
2021-01-14 06:33:00,3796.25,3796.25,3795.5,3796.25,142
2021-01-14 06:34:00,3796.25,3796.25,3795.75,3796.0,74
2021-01-14 06:35:00,3796.0,3796.25,3795.75,3796.25,87
2021-01-14 06:36:00,3796.0,3796.75,3796.0,3796.5,244
2021-01-14 06:37:00,3796.5,3796.5,3795.25,3795.25,297
2021-01-14 06:38:00,3795.5,3795.75,3795.25,3795.5,79
2021-01-14 06:39:00,3795.25,3795.5,3795.25,3795.25,122
2021-01-14 06:40:00,3795.5,3795.5,3795.0,3795.0,57
2021-01-14 06:41:00,3795.0,3795.5,3795.0,3795.25,103
2021-01-14 06:42:00,3795.25,3795.75,3795.0,3795.75,129
2021-01-14 06:43:00,3796.0,3796.5,3795.5,3796.5,148
2021-01-14 06:44:00,3796.5,3797.0,3796.25,3797.0,97
2021-01-14 06:45:00,3797.25,3797.25,3796.5,3796.5,118
2021-01-14 06:46:00,3796.5,3797.0,3796.25,3796.75,139
2021-01-14 06:47:00,3796.75,3798.0,3796.75,3797.0,250
2021-01-14 06:48:00,3797.25,3798.0,3797.25,3798.0,165
2021-01-14 06:49:00,3797.75,3798.25,3797.75,3798.0,109
2021-01-14 06:50:00,3798.0,3798.25,3798.0,3798.0,78
2021-01-14 06:51:00,3798.25,3798.25,3798.0,3798.0,61
2021-01-14 06:52:00,3798.25,3798.25,3798.0,3798.25,56
2021-01-14 06:53:00,3798.25,3798.25,3798.0,3798.25,196
2021-01-14 06:54:00,3798.5,3798.5,3798.25,3798.25,144
2021-01-14 06:55:00,3798.25,3799.0,3798.0,3798.75,273
2021-01-14 06:56:00,3799.0,3799.25,3798.5,3799.0,548
2021-01-14 06:57:00,3799.0,3799.25,3798.75,3798.75,295
2021-01-14 06:58:00,3798.75,3799.25,3798.75,3799.25,177
2021-01-14 06:59:00,3799.25,3799.25,3798.5,3799.25,359
2021-01-14 07:00:00,3799.5,3799.5,3798.5,3798.5,502
2021-01-14 07:01:00,3798.75,3799.5,3798.75,3799.25,188
2021-01-14 07:02:00,3799.25,3799.5,3798.75,3799.0,84
2021-01-14 07:03:00,3798.75,3798.75,3798.25,3798.75,102
2021-01-14 07:04:00,3798.5,3799.0,3798.25,3799.0,135
2021-01-14 07:05:00,3799.0,3799.75,3798.75,3799.5,301
2021-01-14 07:06:00,3799.25,3799.75,3799.25,3799.5,182
2021-01-14 07:07:00,3799.5,3799.5,3798.75,3798.75,56
2021-01-14 07:08:00,3798.75,3799.25,3798.75,3799.25,91
2021-01-14 07:09:00,3799.25,3799.25,3798.75,3799.25,144
2021-01-14 07:10:00,3799.0,3799.25,3799.0,3799.0,76
2021-01-14 07:11:00,3799.25,3799.25,3799.0,3799.25,14
2021-01-14 07:12:00,3799.25,3799.25,3799.0,3799.25,298
2021-01-14 07:13:00,3799.25,3799.25,3799.0,3799.25,36
2021-01-14 07:14:00,3799.0,3799.25,3799.0,3799.0,50
2021-01-14 07:15:00,3799.0,3799.5,3798.75,3799.5,263
2021-01-14 07:16:00,3799.25,3800.0,3799.0,3799.75,450
2021-01-14 07:17:00,3799.75,3800.0,3799.5,3799.75,123
2021-01-14 07:18:00,3799.5,3799.5,3799.25,3799.5,109
2021-01-14 07:19:00,3799.5,3799.75,3799.0,3799.5,163
2021-01-14 07:20:00,3799.75,3799.75,3799.5,3799.75,137
2021-01-14 07:21:00,3799.75,3799.75,3799.0,3799.0,162
2021-01-14 07:22:00,3799.25,3799.25,3799.0,3799.0,120
2021-01-14 07:23:00,3799.25,3799.25,3799.0,3799.25,206
2021-01-14 07:24:00,3799.0,3799.25,3798.25,3798.25,271
2021-01-14 07:25:00,3798.25,3798.75,3798.25,3798.5,121
2021-01-14 07:26:00,3798.25,3799.25,3798.25,3799.25,198
2021-01-14 07:27:00,3799.0,3799.25,3798.75,3799.0,67
2021-01-14 07:28:00,3798.75,3799.25,3798.75,3799.25,64
2021-01-14 07:29:00,3799.25,3799.25,3798.75,3799.25,82
2021-01-14 07:30:00,3799.25,3799.25,3798.0,3798.25,158
2021-01-14 07:31:00,3798.0,3798.25,3797.5,3798.0,179
2021-01-14 07:32:00,3798.0,3798.75,3798.0,3798.25,209
2021-01-14 07:33:00,3798.25,3798.5,3798.0,3798.0,82
2021-01-14 07:34:00,3798.0,3798.0,3797.5,3797.75,168
2021-01-14 07:35:00,3797.75,3797.75,3797.5,3797.75,187
2021-01-14 07:36:00,3797.75,3799.0,3797.75,3798.75,132
2021-01-14 07:37:00,3798.75,3798.75,3798.25,3798.25,116
2021-01-14 07:38:00,3798.25,3798.5,3798.25,3798.5,62
2021-01-14 07:39:00,3798.5,3799.25,3798.5,3799.25,187
2021-01-14 07:40:00,3799.0,3799.5,3799.0,3799.25,400
2021-01-14 07:41:00,3799.5,3799.5,3799.0,3799.25,109
2021-01-14 07:42:00,3799.5,3799.5,3798.75,3798.75,157
2021-01-14 07:43:00,3798.75,3799.0,3798.75,3798.75,57
2021-01-14 07:44:00,3798.5,3798.5,3797.75,3798.5,196
2021-01-14 07:45:00,3798.25,3798.25,3798.0,3798.25,81
2021-01-14 07:46:00,3798.25,3798.75,3798.0,3798.0,142
2021-01-14 07:47:00,3798.0,3798.0,3797.0,3797.5,206
2021-01-14 07:48:00,3797.25,3798.0,3797.25,3798.0,188
2021-01-14 07:49:00,3798.0,3799.0,3798.0,3798.75,121
2021-01-14 07:50:00,3798.75,3799.0,3798.5,3798.75,109
2021-01-14 07:51:00,3799.0,3799.5,3799.0,3799.25,272
2021-01-14 07:52:00,3799.0,3799.25,3799.0,3799.0,104
2021-01-14 07:53:00,3798.75,3799.0,3798.75,3799.0,100
2021-01-14 07:54:00,3799.0,3799.5,3799.0,3799.25,185
2021-01-14 07:55:00,3799.25,3799.75,3799.25,3799.5,202
2021-01-14 07:56:00,3799.5,3799.75,3799.25,3799.25,112
2021-01-14 07:57:00,3799.25,3799.5,3799.25,3799.25,52
2021-01-14 07:58:00,3799.25,3799.75,3799.25,3799.5,181
2021-01-14 07:59:00,3799.5,3799.5,3799.0,3799.25,258
2021-01-14 08:00:00,3799.25,3799.25,3798.0,3798.25,698
2021-01-14 08:01:00,3798.25,3798.75,3798.0,3798.75,419
2021-01-14 08:02:00,3798.75,3799.25,3798.25,3799.0,438
2021-01-14 08:03:00,3798.75,3798.75,3797.5,3797.5,359
2021-01-14 08:04:00,3797.5,3797.5,3797.25,3797.5,203
2021-01-14 08:05:00,3797.5,3798.5,3797.25,3798.5,255
2021-01-14 08:06:00,3798.5,3799.0,3798.5,3798.75,191
2021-01-14 08:07:00,3799.0,3799.0,3798.75,3799.0,149
2021-01-14 08:08:00,3799.0,3799.25,3798.5,3798.75,192
2021-01-14 08:09:00,3798.5,3799.0,3798.5,3798.5,175
2021-01-14 08:10:00,3798.5,3799.0,3798.5,3798.75,118
2021-01-14 08:11:00,3798.5,3799.25,3798.5,3799.0,195
2021-01-14 08:12:00,3799.25,3799.5,3799.25,3799.5,212
2021-01-14 08:13:00,3799.5,3799.75,3799.25,3799.5,339
2021-01-14 08:14:00,3799.25,3799.75,3799.25,3799.5,154
2021-01-14 08:15:00,3799.5,3800.0,3799.25,3799.75,361
2021-01-14 08:16:00,3800.0,3800.0,3799.0,3799.25,364
2021-01-14 08:17:00,3799.0,3799.0,3798.5,3798.75,242
2021-01-14 08:18:00,3798.75,3799.0,3798.75,3798.75,62
2021-01-14 08:19:00,3798.75,3799.25,3798.5,3799.25,133
2021-01-14 08:20:00,3799.25,3799.5,3799.0,3799.0,161
2021-01-14 08:21:00,3799.25,3799.75,3799.0,3799.25,201
2021-01-14 08:22:00,3799.25,3799.5,3798.75,3798.75,137
2021-01-14 08:23:00,3799.0,3799.25,3798.75,3799.25,182
2021-01-14 08:24:00,3799.0,3799.25,3798.25,3798.5,214
2021-01-14 08:25:00,3798.5,3799.0,3798.25,3798.5,303
2021-01-14 08:26:00,3798.5,3799.0,3798.5,3798.5,313
2021-01-14 08:27:00,3798.5,3799.0,3798.0,3798.25,239
2021-01-14 08:28:00,3798.0,3798.5,3797.5,3797.75,378
2021-01-14 08:29:00,3797.75,3798.5,3797.0,3798.25,403
2021-01-14 08:30:00,3798.5,3798.5,3796.5,3798.25,1381
2021-01-14 08:31:00,3798.25,3798.75,3797.0,3797.75,1172
2021-01-14 08:32:00,3797.5,3798.5,3797.5,3797.75,403
2021-01-14 08:33:00,3797.75,3798.5,3797.5,3798.25,552
2021-01-14 08:34:00,3798.25,3798.5,3797.75,3798.5,363
2021-01-14 08:35:00,3798.25,3799.25,3798.0,3799.0,772
2021-01-14 08:36:00,3799.0,3799.5,3798.75,3799.0,272
2021-01-14 08:37:00,3799.0,3799.25,3799.0,3799.25,210
2021-01-14 08:38:00,3799.25,3799.5,3799.0,3799.0,302
2021-01-14 08:39:00,3799.25,3800.25,3799.25,3800.25,607
2021-01-14 08:40:00,3800.25,3800.5,3799.75,3800.0,600
2021-01-14 08:41:00,3799.75,3800.0,3799.25,3799.5,349
2021-01-14 08:42:00,3799.5,3799.75,3799.0,3799.25,288
2021-01-14 08:43:00,3799.0,3799.25,3798.75,3798.75,348
2021-01-14 08:44:00,3798.75,3799.25,3798.75,3799.25,461
2021-01-14 08:45:00,3799.0,3799.25,3799.0,3799.0,171
2021-01-14 08:46:00,3799.25,3799.5,3799.0,3799.5,318
2021-01-14 08:47:00,3799.5,3800.25,3799.25,3800.25,797
2021-01-14 08:48:00,3800.25,3800.75,3800.0,3800.25,734
2021-01-14 08:49:00,3800.0,3800.5,3799.75,3800.25,200
2021-01-14 08:50:00,3800.0,3800.25,3799.5,3799.75,346
2021-01-14 08:51:00,3799.75,3800.0,3799.25,3799.5,217
2021-01-14 08:52:00,3799.75,3800.25,3799.5,3800.25,358
2021-01-14 08:53:00,3800.25,3800.75,3799.0,3799.25,1107
2021-01-14 08:54:00,3799.5,3799.5,3799.25,3799.5,246
2021-01-14 08:55:00,3799.25,3799.5,3798.75,3799.25,598
2021-01-14 08:56:00,3799.0,3799.25,3799.0,3799.25,285
2021-01-14 08:57:00,3799.25,3799.75,3799.0,3799.5,355
2021-01-14 08:58:00,3799.25,3799.5,3799.25,3799.5,187
2021-01-14 08:59:00,3799.5,3799.75,3799.25,3799.75,664
2021-01-14 09:00:00,3799.75,3800.25,3799.75,3799.75,637
2021-01-14 09:01:00,3799.75,3799.75,3799.25,3799.75,143
2021-01-14 09:02:00,3799.5,3800.5,3799.5,3800.25,304
2021-01-14 09:03:00,3800.25,3800.75,3800.25,3800.75,326
2021-01-14 09:04:00,3800.75,3800.75,3800.0,3800.25,449
2021-01-14 09:05:00,3800.0,3800.25,3799.5,3799.75,239
2021-01-14 09:06:00,3799.75,3800.0,3799.25,3799.5,336
2021-01-14 09:07:00,3799.75,3800.0,3799.25,3799.5,309
2021-01-14 09:08:00,3799.25,3799.75,3799.0,3799.75,306
2021-01-14 09:09:00,3800.0,3800.25,3799.75,3800.25,248
2021-01-14 09:10:00,3800.5,3801.0,3800.25,3800.5,557
2021-01-14 09:11:00,3800.5,3801.5,3800.5,3801.5,1026
2021-01-14 09:12:00,3801.25,3801.5,3801.25,3801.5,316
2021-01-14 09:13:00,3801.25,3801.5,3801.0,3801.5,330
2021-01-14 09:14:00,3801.5,3801.75,3801.25,3801.75,316
2021-01-14 09:15:00,3801.5,3801.75,3800.25,3800.25,949
2021-01-14 09:16:00,3800.5,3800.75,3800.0,3800.25,453
2021-01-14 09:17:00,3800.5,3800.5,3800.25,3800.5,278
2021-01-14 09:18:00,3800.5,3800.5,3800.25,3800.5,618
2021-01-14 09:19:00,3800.25,3800.75,3800.25,3800.5,193
2021-01-14 09:20:00,3800.5,3800.5,3800.0,3800.5,731
2021-01-14 09:21:00,3800.5,3801.0,3800.5,3801.0,625
2021-01-14 09:22:00,3800.75,3801.0,3800.5,3800.5,171
2021-01-14 09:23:00,3800.5,3801.0,3800.5,3800.5,487
2021-01-14 09:24:00,3800.5,3800.75,3800.5,3800.5,280
2021-01-14 09:25:00,3800.5,3801.0,3800.5,3800.75,465
2021-01-14 09:26:00,3801.0,3801.25,3800.75,3801.0,936
2021-01-14 09:27:00,3801.0,3801.5,3801.0,3801.25,457
2021-01-14 09:28:00,3801.25,3801.75,3801.0,3801.5,992
2021-01-14 09:29:00,3801.75,3801.75,3800.25,3800.25,1701
2021-01-14 09:30:00,3800.5,3802.75,3800.25,3800.75,9566
2021-01-14 09:31:00,3800.75,3803.0,3799.25,3800.5,9380
2021-01-14 09:32:00,3800.75,3801.0,3798.25,3799.75,7198
2021-01-14 09:33:00,3799.75,3800.0,3798.75,3799.0,4755
2021-01-14 09:34:00,3799.25,3799.5,3797.25,3797.25,5194
2021-01-14 09:35:00,3797.25,3800.75,3797.0,3800.0,6295
2021-01-14 09:36:00,3799.75,3801.75,3799.25,3799.5,4970
2021-01-14 09:37:00,3799.75,3800.25,3798.75,3800.0,2836
2021-01-14 09:38:00,3800.0,3800.75,3799.0,3799.5,4228
2021-01-14 09:39:00,3799.5,3801.0,3798.5,3800.5,3006
2021-01-14 09:40:00,3800.75,3802.5,3800.25,3801.75,3887
2021-01-14 09:41:00,3801.75,3801.75,3798.0,3801.25,7587
2021-01-14 09:42:00,3801.25,3802.75,3799.75,3800.25,5118
2021-01-14 09:43:00,3800.5,3802.0,3800.5,3801.25,2407
2021-01-14 09:44:00,3801.25,3801.5,3800.0,3800.75,2855
2021-01-14 09:45:00,3800.75,3801.5,3800.0,3800.0,4119
2021-01-14 09:46:00,3800.25,3800.25,3798.5,3799.5,3995
2021-01-14 09:47:00,3799.25,3800.25,3799.25,3799.25,2059
2021-01-14 09:48:00,3799.0,3800.0,3798.75,3799.5,2358
2021-01-14 09:49:00,3799.75,3800.25,3799.25,3800.0,1832
2021-01-14 09:50:00,3800.0,3801.5,3800.0,3800.5,2906
2021-01-14 09:51:00,3800.75,3800.75,3798.5,3799.75,3373
2021-01-14 09:52:00,3799.5,3800.5,3799.25,3800.25,1830
2021-01-14 09:53:00,3800.25,3801.0,3799.5,3800.0,1830
2021-01-14 09:54:00,3800.0,3800.25,3799.0,3800.0,1777
2021-01-14 09:55:00,3799.75,3803.5,3799.75,3803.0,3284
2021-01-14 09:56:00,3803.0,3804.0,3802.25,3803.0,3320
2021-01-14 09:57:00,3802.75,3803.0,3802.25,3802.5,2186
2021-01-14 09:58:00,3802.5,3803.5,3801.75,3803.5,1611
2021-01-14 09:59:00,3803.5,3804.0,3802.75,3803.0,2153
2021-01-14 10:00:00,3802.75,3804.75,3802.25,3804.0,4051
2021-01-14 10:01:00,3804.0,3804.25,3803.5,3804.0,1170
2021-01-14 10:02:00,3804.0,3804.75,3803.25,3804.5,1874
2021-01-14 10:03:00,3804.25,3805.25,3804.0,3804.75,2299
2021-01-14 10:04:00,3804.75,3805.25,3804.5,3804.5,1413
2021-01-14 10:05:00,3804.75,3805.5,3804.25,3804.75,3089
2021-01-14 10:06:00,3804.75,3805.25,3804.5,3804.75,1004
2021-01-14 10:07:00,3804.5,3805.0,3803.25,3803.25,2518
2021-01-14 10:08:00,3803.5,3803.75,3801.0,3801.25,4197
2021-01-14 10:09:00,3801.0,3801.5,3799.5,3801.25,4413
2021-01-14 10:10:00,3801.25,3802.5,3801.0,3801.25,2931
2021-01-14 10:11:00,3801.25,3801.25,3800.0,3801.0,2811
2021-01-14 10:12:00,3801.25,3801.75,3800.5,3801.5,2141
2021-01-14 10:13:00,3801.75,3803.0,3801.75,3802.5,3247
2021-01-14 10:14:00,3802.25,3802.5,3801.25,3801.75,3546
2021-01-14 10:15:00,3801.75,3803.0,3801.5,3802.5,2509
2021-01-14 10:16:00,3802.5,3804.0,3802.5,3804.0,1936
2021-01-14 10:17:00,3803.75,3805.5,3803.5,3805.5,3702
2021-01-14 10:18:00,3805.5,3805.5,3804.25,3805.0,2009
2021-01-14 10:19:00,3805.0,3806.25,3805.0,3805.75,2238
2021-01-14 10:20:00,3806.0,3806.0,3804.25,3804.25,1660
2021-01-14 10:21:00,3804.25,3805.5,3804.0,3805.0,1787
2021-01-14 10:22:00,3805.0,3805.0,3804.25,3804.25,1329
2021-01-14 10:23:00,3804.5,3804.5,3803.75,3804.25,1489
2021-01-14 10:24:00,3804.0,3804.5,3803.75,3804.0,2060
2021-01-14 10:25:00,3803.75,3804.25,3803.5,3803.5,1996
2021-01-14 10:26:00,3803.75,3804.0,3803.5,3803.5,2566
2021-01-14 10:27:00,3803.75,3804.5,3803.5,3804.5,1621
2021-01-14 10:28:00,3804.5,3804.75,3804.0,3804.75,1794
2021-01-14 10:29:00,3804.5,3805.25,3804.25,3804.25,2428
2021-01-14 10:30:00,3804.25,3804.75,3803.25,3804.25,3595
2021-01-14 10:31:00,3804.25,3804.75,3804.0,3804.5,1721
2021-01-14 10:32:00,3804.5,3805.75,3804.5,3805.0,2522
2021-01-14 10:33:00,3805.0,3805.5,3803.5,3803.75,3044
2021-01-14 10:34:00,3803.5,3804.0,3802.5,3802.5,2289
2021-01-14 10:35:00,3802.75,3803.0,3800.5,3801.0,4003
2021-01-14 10:36:00,3801.0,3801.25,3798.75,3800.5,6068
2021-01-14 10:37:00,3800.25,3801.25,3799.0,3799.0,5003
2021-01-14 10:38:00,3799.0,3800.75,3798.5,3800.75,5306
2021-01-14 10:39:00,3800.75,3802.25,3800.5,3801.5,5632
2021-01-14 10:40:00,3801.5,3802.75,3801.5,3802.75,5037
2021-01-14 10:41:00,3802.75,3804.5,3802.75,3804.25,4120
2021-01-14 10:42:00,3804.5,3804.75,3803.5,3803.75,1877
2021-01-14 10:43:00,3803.75,3804.0,3803.25,3803.5,1618
2021-01-14 10:44:00,3803.5,3804.25,3803.5,3803.75,2676
2021-01-14 10:45:00,3804.0,3804.0,3803.0,3803.0,3062
2021-01-14 10:46:00,3803.25,3804.0,3803.0,3803.25,2203
2021-01-14 10:47:00,3803.0,3803.5,3802.75,3803.0,2889
2021-01-14 10:48:00,3803.0,3803.75,3802.0,3803.0,2145
2021-01-14 10:49:00,3803.0,3803.75,3802.75,3803.0,1446
2021-01-14 10:50:00,3803.25,3803.25,3803.0,3803.25,925
2021-01-14 10:51:00,3803.0,3804.0,3802.75,3803.75,1631
2021-01-14 10:52:00,3803.5,3804.25,3803.5,3804.0,2233
2021-01-14 10:53:00,3804.0,3804.5,3803.5,3803.75,1119
2021-01-14 10:54:00,3803.75,3804.25,3803.0,3803.25,1332
2021-01-14 10:55:00,3803.5,3803.5,3801.75,3802.0,2132
2021-01-14 10:56:00,3802.0,3802.0,3800.5,3801.5,2465
2021-01-14 10:57:00,3801.5,3802.25,3801.0,3801.25,1850
2021-01-14 10:58:00,3801.25,3801.75,3800.75,3801.75,3408
2021-01-14 10:59:00,3801.75,3802.75,3801.5,3802.5,1714
2021-01-14 11:00:00,3802.5,3803.25,3802.0,3802.0,2506
2021-01-14 11:01:00,3802.0,3802.25,3801.5,3802.0,2051
2021-01-14 11:02:00,3802.25,3802.25,3801.25,3801.5,1398
2021-01-14 11:03:00,3801.5,3801.75,3800.5,3800.5,2551
2021-01-14 11:04:00,3800.75,3800.75,3799.5,3800.0,1945
2021-01-14 11:05:00,3800.0,3801.25,3799.75,3801.25,1089
2021-01-14 11:06:00,3801.5,3802.0,3800.75,3801.25,1251
2021-01-14 11:07:00,3801.25,3801.5,3800.75,3801.25,857
2021-01-14 11:08:00,3801.25,3801.5,3800.25,3800.25,965
2021-01-14 11:09:00,3800.5,3800.5,3799.75,3800.0,2354
2021-01-14 11:10:00,3800.25,3801.5,3800.0,3801.5,1204
2021-01-14 11:11:00,3801.5,3801.75,3801.25,3801.75,862
2021-01-14 11:12:00,3801.5,3802.75,3801.5,3802.25,2274
2021-01-14 11:13:00,3802.25,3802.5,3801.75,3802.5,2283
2021-01-14 11:14:00,3802.5,3803.75,3802.25,3803.5,2506
2021-01-14 11:15:00,3803.25,3803.75,3803.0,3803.5,1568
2021-01-14 11:16:00,3803.5,3803.5,3802.25,3802.5,1174
2021-01-14 11:17:00,3802.5,3802.5,3801.75,3802.0,1300
2021-01-14 11:18:00,3802.0,3802.25,3801.75,3802.0,1086
2021-01-14 11:19:00,3802.0,3802.25,3801.25,3801.25,1339
2021-01-14 11:20:00,3801.5,3802.25,3800.75,3801.25,1374
2021-01-14 11:21:00,3801.0,3801.25,3800.25,3800.75,1873
2021-01-14 11:22:00,3800.5,3801.0,3800.25,3801.0,1227
2021-01-14 11:23:00,3800.75,3801.25,3800.25,3800.25,1151
2021-01-14 11:24:00,3800.25,3800.75,3798.75,3800.25,2393
2021-01-14 11:25:00,3800.25,3801.0,3799.75,3801.0,1295
2021-01-14 11:26:00,3800.75,3801.0,3799.75,3800.25,1248
2021-01-14 11:27:00,3800.25,3801.25,3800.25,3800.5,1088
2021-01-14 11:28:00,3800.5,3801.25,3800.0,3801.0,907
2021-01-14 11:29:00,3800.75,3800.75,3800.25,3800.75,773
2021-01-14 11:30:00,3800.75,3801.0,3800.25,3800.75,1559
2021-01-14 11:31:00,3800.75,3801.25,3800.5,3800.75,1242
2021-01-14 11:32:00,3800.75,3801.0,3799.75,3800.25,1214
2021-01-14 11:33:00,3800.5,3800.75,3800.0,3800.25,704
2021-01-14 11:34:00,3800.0,3800.25,3798.75,3799.25,1998
2021-01-14 11:35:00,3799.5,3800.0,3797.25,3800.0,4333
2021-01-14 11:36:00,3800.0,3800.0,3797.75,3798.25,1728
2021-01-14 11:37:00,3798.25,3799.0,3798.0,3798.25,1458
2021-01-14 11:38:00,3798.0,3798.25,3797.0,3798.25,2115
2021-01-14 11:39:00,3798.0,3798.25,3797.5,3798.25,1141
2021-01-14 11:40:00,3798.25,3799.5,3797.75,3799.0,1858
2021-01-14 11:41:00,3799.0,3799.75,3799.0,3799.5,1632
2021-01-14 11:42:00,3799.25,3799.75,3799.0,3799.25,982
2021-01-14 11:43:00,3799.25,3799.75,3799.25,3799.5,791
2021-01-14 11:44:00,3799.5,3800.75,3799.5,3800.5,1496
2021-01-14 11:45:00,3800.75,3801.0,3800.0,3800.25,1173
2021-01-14 11:46:00,3800.25,3800.75,3800.0,3800.0,1069
2021-01-14 11:47:00,3800.0,3800.0,3798.75,3799.0,1820
2021-01-14 11:48:00,3799.0,3799.5,3798.75,3799.25,1190
2021-01-14 11:49:00,3799.5,3799.75,3798.25,3798.5,1611
2021-01-14 11:50:00,3798.5,3799.0,3797.75,3798.75,1354
2021-01-14 11:51:00,3799.0,3800.0,3798.5,3798.75,1922
2021-01-14 11:52:00,3798.75,3798.75,3797.5,3797.75,1179
2021-01-14 11:53:00,3797.75,3799.25,3797.5,3798.75,1471
2021-01-14 11:54:00,3799.0,3799.25,3798.5,3798.75,1881
2021-01-14 11:55:00,3798.75,3799.25,3798.5,3798.75,1075
2021-01-14 11:56:00,3798.5,3799.25,3798.0,3798.0,829
2021-01-14 11:57:00,3798.0,3799.0,3797.5,3798.5,1328
2021-01-14 11:58:00,3798.5,3799.5,3798.5,3799.25,1115
2021-01-14 11:59:00,3799.0,3799.25,3798.75,3799.0,1189
2021-01-14 12:00:00,3799.0,3799.0,3797.75,3798.0,1197
2021-01-14 12:01:00,3798.0,3799.5,3798.0,3799.25,1418
2021-01-14 12:02:00,3799.25,3799.5,3798.25,3798.75,1123
2021-01-14 12:03:00,3798.75,3798.75,3798.25,3798.5,725
2021-01-14 12:04:00,3798.5,3799.25,3798.25,3798.75,813
2021-01-14 12:05:00,3798.75,3799.0,3798.25,3798.75,1176
2021-01-14 12:06:00,3798.5,3800.5,3798.5,3800.0,1280
2021-01-14 12:07:00,3800.25,3800.5,3799.5,3799.75,1132
2021-01-14 12:08:00,3799.75,3800.25,3799.25,3800.0,884
2021-01-14 12:09:00,3799.75,3799.75,3797.75,3797.75,1448
2021-01-14 12:10:00,3797.75,3797.75,3796.0,3797.25,3348
2021-01-14 12:11:00,3797.0,3798.0,3796.25,3797.25,1962
2021-01-14 12:12:00,3797.25,3798.25,3797.25,3798.25,1287
2021-01-14 12:13:00,3798.0,3798.5,3797.5,3798.25,990
2021-01-14 12:14:00,3798.0,3799.75,3797.75,3799.75,1980
2021-01-14 12:15:00,3799.75,3800.0,3798.0,3798.0,2423
2021-01-14 12:16:00,3798.0,3799.0,3797.5,3799.0,1483
2021-01-14 12:17:00,3798.75,3799.75,3798.75,3799.5,1017
2021-01-14 12:18:00,3799.25,3799.5,3798.75,3799.25,1086
2021-01-14 12:19:00,3799.0,3799.25,3798.5,3798.75,846
2021-01-14 12:20:00,3798.75,3799.5,3798.75,3799.25,750
2021-01-14 12:21:00,3799.0,3799.75,3798.75,3799.75,833
2021-01-14 12:22:00,3799.5,3799.75,3799.25,3799.5,911
2021-01-14 12:23:00,3799.5,3800.0,3799.5,3800.0,804
2021-01-14 12:24:00,3799.75,3800.25,3799.75,3800.0,576
2021-01-14 12:25:00,3799.75,3800.25,3799.5,3800.0,547
2021-01-14 12:26:00,3799.75,3799.75,3799.25,3799.5,669
2021-01-14 12:27:00,3799.25,3799.5,3799.0,3799.5,517
2021-01-14 12:28:00,3799.25,3799.5,3799.0,3799.25,791
2021-01-14 12:29:00,3799.25,3799.25,3798.75,3799.25,727
2021-01-14 12:30:00,3799.25,3800.25,3799.0,3799.75,1251
2021-01-14 12:31:00,3799.5,3799.75,3798.5,3799.75,995
2021-01-14 12:32:00,3799.5,3799.75,3798.75,3799.0,582
2021-01-14 12:33:00,3799.25,3799.5,3798.5,3798.75,650
2021-01-14 12:34:00,3798.5,3799.0,3797.75,3798.75,1562
2021-01-14 12:35:00,3798.5,3798.75,3797.5,3797.5,1310
2021-01-14 12:36:00,3797.5,3798.5,3797.25,3798.25,1133
2021-01-14 12:37:00,3798.25,3799.0,3797.5,3797.75,1305
2021-01-14 12:38:00,3797.75,3797.75,3797.0,3797.0,1074
2021-01-14 12:39:00,3797.0,3797.75,3796.25,3797.25,1848
2021-01-14 12:40:00,3797.25,3797.25,3795.5,3795.75,4520
2021-01-14 12:41:00,3795.75,3796.25,3795.5,3795.75,2737
2021-01-14 12:42:00,3795.5,3796.75,3794.5,3796.0,3614
2021-01-14 12:43:00,3795.75,3797.0,3795.25,3796.75,2701
2021-01-14 12:44:00,3797.0,3797.0,3795.75,3796.25,1088
2021-01-14 12:45:00,3796.0,3796.25,3793.25,3794.25,4567
2021-01-14 12:46:00,3794.0,3795.5,3793.5,3795.25,1835
2021-01-14 12:47:00,3795.25,3796.5,3794.75,3795.5,2370
2021-01-14 12:48:00,3795.5,3796.0,3795.0,3795.5,1360
2021-01-14 12:49:00,3795.5,3797.25,3795.25,3796.5,2267
2021-01-14 12:50:00,3796.5,3798.25,3796.25,3798.0,2383
2021-01-14 12:51:00,3798.0,3799.25,3798.0,3799.25,2030
2021-01-14 12:52:00,3799.25,3799.75,3798.5,3799.0,3346
2021-01-14 12:53:00,3799.0,3800.25,3799.0,3800.0,2035
2021-01-14 12:54:00,3800.0,3800.75,3799.75,3800.25,3090
2021-01-14 12:55:00,3800.25,3802.0,3800.0,3801.5,5791
2021-01-14 12:56:00,3801.75,3802.5,3801.25,3802.0,2285
2021-01-14 12:57:00,3802.25,3803.0,3801.25,3801.25,2735
2021-01-14 12:58:00,3801.25,3801.5,3800.75,3801.5,1457
2021-01-14 12:59:00,3801.5,3802.0,3801.25,3801.75,1111
2021-01-14 13:00:00,3801.75,3802.0,3800.75,3801.5,1668
2021-01-14 13:01:00,3801.5,3802.0,3801.0,3801.75,1050
2021-01-14 13:02:00,3801.75,3802.25,3801.75,3801.75,869
2021-01-14 13:03:00,3802.0,3802.0,3801.5,3801.75,705
2021-01-14 13:04:00,3801.75,3802.25,3801.25,3802.0,1453
2021-01-14 13:05:00,3802.0,3802.0,3801.25,3801.5,1122
2021-01-14 13:06:00,3801.5,3802.0,3801.25,3801.5,638
2021-01-14 13:07:00,3801.75,3801.75,3801.25,3801.75,825
2021-01-14 13:08:00,3801.75,3802.25,3801.5,3801.75,732
2021-01-14 13:09:00,3802.0,3802.5,3801.5,3802.0,719
2021-01-14 13:10:00,3801.75,3802.25,3800.5,3801.75,1649
2021-01-14 13:11:00,3801.75,3802.0,3800.75,3801.25,1299
2021-01-14 13:12:00,3801.0,3801.25,3800.5,3800.5,1164
2021-01-14 13:13:00,3800.75,3800.75,3800.0,3800.25,1450
2021-01-14 13:14:00,3800.25,3800.75,3799.75,3800.25,1001
2021-01-14 13:15:00,3800.25,3800.25,3799.0,3799.0,1943
2021-01-14 13:16:00,3799.0,3799.25,3798.0,3798.75,2332
2021-01-14 13:17:00,3798.75,3800.0,3798.75,3800.0,1164
2021-01-14 13:18:00,3800.0,3800.0,3799.0,3799.25,687
2021-01-14 13:19:00,3799.25,3799.25,3798.0,3798.25,1322
2021-01-14 13:20:00,3798.25,3798.25,3796.0,3796.5,2635
2021-01-14 13:21:00,3796.5,3802.0,3796.25,3800.0,3847
2021-01-14 13:22:00,3800.0,3800.0,3800.0,3800.0,1363
2021-01-14 13:23:00,3800.0,3800.0,3798.5,3799.0,621
2021-01-14 13:24:00,3799.0,3799.75,3797.75,3798.0,645
2021-01-14 13:25:00,3797.75,3798.5,3796.75,3797.0,613
2021-01-14 13:26:00,3797.0,3797.75,3796.25,3797.0,649
2021-01-14 13:27:00,3796.75,3798.0,3796.5,3798.0,319
2021-01-14 13:28:00,3798.0,3798.25,3797.5,3798.0,291
2021-01-14 13:29:00,3798.0,3798.5,3797.25,3798.0,590
2021-01-14 13:30:00,3798.0,3798.25,3797.25,3797.25,799
2021-01-14 13:31:00,3797.0,3798.25,3796.75,3798.0,1107
2021-01-14 13:32:00,3798.0,3799.0,3798.0,3799.0,393
2021-01-14 13:33:00,3799.0,3799.5,3798.0,3798.75,697
2021-01-14 13:34:00,3798.75,3798.75,3797.75,3798.25,267
2021-01-14 13:35:00,3798.5,3799.0,3798.25,3798.25,197
2021-01-14 13:36:00,3798.25,3799.75,3798.25,3799.5,525
2021-01-14 13:37:00,3799.5,3800.25,3799.25,3799.75,1177
2021-01-14 13:38:00,3799.75,3800.5,3799.75,3800.25,761
2021-01-14 13:39:00,3800.25,3801.0,3800.0,3800.5,795
2021-01-14 13:40:00,3800.5,3801.0,3800.25,3800.75,785
2021-01-14 13:41:00,3800.75,3801.5,3800.75,3800.75,1294
2021-01-14 13:42:00,3800.75,3801.0,3800.25,3800.5,491
2021-01-14 13:43:00,3800.75,3800.75,3800.0,3800.25,570
2021-01-14 13:44:00,3800.25,3800.75,3800.0,3800.0,761
2021-01-14 13:45:00,3800.25,3800.75,3800.0,3800.5,693
2021-01-14 13:46:00,3800.5,3800.75,3800.0,3800.5,552
2021-01-14 13:47:00,3800.5,3800.5,3800.0,3800.5,797
2021-01-14 13:48:00,3800.25,3801.25,3800.25,3800.5,831
2021-01-14 13:49:00,3800.5,3800.5,3800.0,3800.25,878
2021-01-14 13:50:00,3800.5,3801.25,3800.25,3800.25,1885
2021-01-14 13:51:00,3800.5,3801.0,3799.75,3800.0,963
2021-01-14 13:52:00,3799.75,3799.75,3798.25,3799.0,2774
2021-01-14 13:53:00,3799.25,3799.75,3798.5,3799.0,773
2021-01-14 13:54:00,3799.0,3799.25,3798.25,3798.75,629
2021-01-14 13:55:00,3798.75,3799.0,3798.0,3798.75,1043
2021-01-14 13:56:00,3798.75,3799.5,3798.75,3799.5,958
2021-01-14 13:57:00,3799.5,3799.75,3799.25,3799.5,669
2021-01-14 13:58:00,3799.5,3799.75,3798.75,3798.75,572
2021-01-14 13:59:00,3799.0,3799.0,3797.0,3797.5,1412
2021-01-14 14:00:00,3797.5,3798.75,3797.25,3797.5,2861
2021-01-14 14:01:00,3797.75,3800.0,3797.5,3799.25,2130
2021-01-14 14:02:00,3799.0,3799.75,3799.0,3799.25,873
2021-01-14 14:03:00,3799.0,3799.25,3798.5,3799.25,677
2021-01-14 14:04:00,3799.0,3799.25,3798.25,3798.75,585
2021-01-14 14:05:00,3798.5,3799.75,3798.5,3799.25,1054
2021-01-14 14:06:00,3799.0,3799.5,3798.25,3799.5,726
2021-01-14 14:07:00,3799.5,3799.5,3798.5,3798.75,672
2021-01-14 14:08:00,3798.75,3799.25,3798.5,3799.0,509
2021-01-14 14:09:00,3799.0,3799.25,3798.75,3799.0,430
2021-01-14 14:10:00,3799.25,3800.0,3799.25,3799.25,550
2021-01-14 14:11:00,3799.5,3799.5,3798.75,3798.75,769
2021-01-14 14:12:00,3798.75,3798.75,3797.25,3797.25,1640
2021-01-14 14:13:00,3797.25,3798.0,3797.0,3797.75,1282
2021-01-14 14:14:00,3797.75,3798.5,3797.75,3798.0,1756
2021-01-14 14:15:00,3798.0,3799.0,3798.0,3798.75,950
2021-01-14 14:16:00,3798.75,3799.5,3798.75,3799.5,790
2021-01-14 14:17:00,3799.5,3800.0,3799.0,3799.5,752
2021-01-14 14:18:00,3799.5,3800.5,3799.5,3799.5,1175
2021-01-14 14:19:00,3799.5,3799.75,3798.5,3799.0,948
2021-01-14 14:20:00,3799.25,3799.5,3798.5,3798.5,871
2021-01-14 14:21:00,3798.5,3798.5,3797.25,3797.5,1195
2021-01-14 14:22:00,3797.5,3797.75,3797.25,3797.5,1619
2021-01-14 14:23:00,3797.5,3797.75,3796.75,3797.5,1814
2021-01-14 14:24:00,3797.75,3798.0,3796.75,3797.25,1311
2021-01-14 14:25:00,3797.0,3797.25,3796.0,3796.0,1206
2021-01-14 14:26:00,3796.0,3796.25,3795.0,3795.75,1854
2021-01-14 14:27:00,3795.75,3796.5,3795.0,3795.5,2246
2021-01-14 14:28:00,3795.25,3796.75,3795.25,3796.5,1459
2021-01-14 14:29:00,3796.5,3797.25,3796.25,3797.0,1290
2021-01-14 14:30:00,3797.0,3797.75,3796.75,3797.75,1244
2021-01-14 14:31:00,3797.5,3798.0,3797.25,3797.75,1361
2021-01-14 14:32:00,3798.0,3798.0,3796.75,3797.25,1323
2021-01-14 14:33:00,3797.25,3797.75,3797.0,3797.5,1110
2021-01-14 14:34:00,3797.5,3797.5,3796.75,3796.75,1036
2021-01-14 14:35:00,3796.75,3797.25,3796.5,3796.5,1575
2021-01-14 14:36:00,3796.25,3797.25,3796.25,3796.75,641
2021-01-14 14:37:00,3796.5,3797.25,3796.25,3796.5,1012
2021-01-14 14:38:00,3796.5,3796.5,3795.75,3796.0,1175
2021-01-14 14:39:00,3795.75,3796.75,3795.75,3796.0,1031
2021-01-14 14:40:00,3796.0,3796.75,3796.0,3796.75,1130
2021-01-14 14:41:00,3796.5,3796.75,3796.0,3796.25,469
2021-01-14 14:42:00,3796.25,3796.25,3794.75,3796.0,2464
2021-01-14 14:43:00,3795.75,3796.0,3794.5,3795.25,1122
2021-01-14 14:44:00,3795.0,3796.0,3795.0,3796.0,1549
2021-01-14 14:45:00,3795.75,3796.25,3794.5,3794.75,1125
2021-01-14 14:46:00,3795.0,3795.25,3794.75,3795.0,928
2021-01-14 14:47:00,3794.75,3795.5,3794.75,3795.0,854
2021-01-14 14:48:00,3795.0,3795.25,3794.25,3795.0,1527
2021-01-14 14:49:00,3795.0,3795.0,3793.75,3794.25,1177
2021-01-14 14:50:00,3794.0,3795.25,3794.0,3794.25,1690
2021-01-14 14:51:00,3794.0,3794.5,3793.25,3793.5,1863
2021-01-14 14:52:00,3793.25,3793.75,3793.25,3793.5,951
2021-01-14 14:53:00,3793.5,3794.0,3793.25,3793.25,949
2021-01-14 14:54:00,3793.25,3793.5,3791.75,3793.0,5316
2021-01-14 14:55:00,3792.75,3793.0,3791.75,3792.0,2886
2021-01-14 14:56:00,3792.0,3793.0,3792.0,3792.25,1311
2021-01-14 14:57:00,3792.25,3793.75,3792.25,3793.5,2158
2021-01-14 14:58:00,3793.5,3794.5,3793.25,3794.0,1421
2021-01-14 14:59:00,3794.0,3794.25,3793.5,3794.25,884
2021-01-14 15:00:00,3794.25,3796.0,3794.0,3795.75,2104
2021-01-14 15:01:00,3796.0,3796.0,3794.5,3794.75,1827
2021-01-14 15:02:00,3794.5,3794.75,3793.5,3793.75,1146
2021-01-14 15:03:00,3793.75,3795.0,3793.75,3794.75,1515
2021-01-14 15:04:00,3794.75,3795.5,3794.5,3794.75,1908
2021-01-14 15:05:00,3794.5,3795.0,3794.5,3794.5,905
2021-01-14 15:06:00,3794.5,3794.75,3793.75,3793.75,1311
2021-01-14 15:07:00,3793.5,3793.75,3792.25,3792.5,1370
2021-01-14 15:08:00,3792.5,3793.75,3791.75,3793.75,1902
2021-01-14 15:09:00,3793.5,3793.75,3792.0,3792.0,966
2021-01-14 15:10:00,3792.0,3792.75,3791.75,3792.0,2178
2021-01-14 15:11:00,3792.25,3792.25,3790.0,3790.25,6458
2021-01-14 15:12:00,3790.5,3790.75,3787.75,3788.25,7093
2021-01-14 15:13:00,3788.0,3788.75,3787.0,3788.75,4934
2021-01-14 15:14:00,3788.5,3789.0,3787.75,3788.75,3192
2021-01-14 15:15:00,3789.0,3789.75,3788.0,3788.75,2173
2021-01-14 15:16:00,3788.5,3788.5,3787.5,3788.0,1331
2021-01-14 15:17:00,3788.0,3788.25,3785.25,3785.5,5427
2021-01-14 15:18:00,3785.5,3785.75,3782.75,3783.5,6886
2021-01-14 15:19:00,3783.5,3784.0,3781.0,3781.25,8504
2021-01-14 15:20:00,3781.25,3785.5,3781.0,3785.0,9625
2021-01-14 15:21:00,3785.0,3788.25,3783.0,3787.75,10921
2021-01-14 15:22:00,3787.75,3787.75,3785.0,3785.0,3740
2021-01-14 15:23:00,3785.0,3785.75,3784.5,3784.75,2564
2021-01-14 15:24:00,3784.75,3787.25,3784.25,3785.0,3699
2021-01-14 15:25:00,3785.0,3785.5,3783.0,3784.25,3109
2021-01-14 15:26:00,3784.25,3784.5,3783.25,3783.75,1677
2021-01-14 15:27:00,3783.75,3785.75,3783.25,3785.25,3134
2021-01-14 15:28:00,3785.25,3785.5,3783.75,3784.5,2056
2021-01-14 15:29:00,3784.75,3787.25,3784.5,3787.25,3343
2021-01-14 15:30:00,3787.25,3788.25,3785.0,3787.5,5118
2021-01-14 15:31:00,3787.75,3790.25,3787.25,3789.5,5765
2021-01-14 15:32:00,3789.25,3790.25,3788.75,3789.5,2545
2021-01-14 15:33:00,3789.75,3790.75,3789.25,3789.5,2378
2021-01-14 15:34:00,3789.5,3789.75,3787.25,3788.75,2971
2021-01-14 15:35:00,3788.75,3788.75,3787.0,3787.75,2415
2021-01-14 15:36:00,3788.0,3788.5,3787.25,3787.25,2046
2021-01-14 15:37:00,3787.25,3788.25,3786.75,3787.75,1538
2021-01-14 15:38:00,3787.75,3789.25,3787.5,3789.0,1799
2021-01-14 15:39:00,3788.75,3790.0,3788.75,3789.25,1921
2021-01-14 15:40:00,3789.25,3789.25,3787.5,3787.5,1402
2021-01-14 15:41:00,3787.5,3789.25,3787.5,3788.25,2121
2021-01-14 15:42:00,3788.0,3788.5,3787.5,3788.0,2710
2021-01-14 15:43:00,3788.25,3789.75,3788.0,3788.5,3245
2021-01-14 15:44:00,3788.25,3789.0,3788.0,3788.75,2371
2021-01-14 15:45:00,3788.75,3789.5,3787.75,3788.25,2299
2021-01-14 15:46:00,3788.25,3790.75,3788.0,3789.5,2795
2021-01-14 15:47:00,3789.75,3789.75,3787.5,3788.0,2499
2021-01-14 15:48:00,3788.25,3788.75,3785.25,3785.75,3981
2021-01-14 15:49:00,3786.0,3786.25,3784.5,3785.25,3763
2021-01-14 15:50:00,3785.5,3786.25,3781.0,3783.0,9751
2021-01-14 15:51:00,3783.0,3784.25,3782.5,3782.75,3353
2021-01-14 15:52:00,3783.0,3783.25,3779.5,3781.0,5706
2021-01-14 15:53:00,3780.75,3781.25,3778.25,3778.5,7238
2021-01-14 15:54:00,3778.5,3780.0,3777.5,3778.25,8904
2021-01-14 15:55:00,3778.5,3780.25,3777.5,3777.75,9910
2021-01-14 15:56:00,3777.75,3779.75,3776.5,3778.0,7256
2021-01-14 15:57:00,3778.0,3778.75,3776.75,3776.75,5051
2021-01-14 15:58:00,3776.75,3781.75,3776.5,3780.5,12171
2021-01-14 15:59:00,3780.25,3783.75,3778.75,3780.5,62329
2021-01-14 16:00:00,3780.5,3783.0,3780.5,3780.5,15600
2021-01-14 16:01:00,3780.5,3781.75,3779.75,3779.75,3241
2021-01-14 16:02:00,3779.75,3780.25,3778.5,3779.5,2277
2021-01-14 16:03:00,3779.25,3780.0,3779.25,3779.25,1150
2021-01-14 16:04:00,3779.25,3780.0,3778.75,3780.0,1141
2021-01-14 16:05:00,3780.0,3782.5,3779.75,3782.0,3156
2021-01-14 16:06:00,3782.0,3782.5,3781.75,3782.0,1269
2021-01-14 16:07:00,3782.0,3783.0,3781.75,3782.75,1340
2021-01-14 16:08:00,3782.75,3783.0,3781.75,3781.75,1118
2021-01-14 16:09:00,3782.0,3782.5,3781.25,3781.75,1866
2021-01-14 16:10:00,3782.0,3783.25,3781.75,3781.75,1549
2021-01-14 16:11:00,3782.0,3782.5,3781.75,3782.0,702
2021-01-14 16:12:00,3782.0,3784.0,3781.75,3784.0,1630
2021-01-14 16:13:00,3783.75,3784.25,3783.0,3783.75,1951
2021-01-14 16:14:00,3783.75,3784.0,3781.5,3782.5,2777
2021-01-14 16:30:00,3783.0,3784.0,3782.25,3782.75,580
2021-01-14 16:31:00,3782.75,3782.75,3781.5,3781.75,482
2021-01-14 16:32:00,3782.0,3782.75,3781.5,3782.0,475
2021-01-14 16:33:00,3782.25,3782.25,3781.75,3782.0,95
2021-01-14 16:34:00,3782.25,3782.25,3781.5,3781.75,148
2021-01-14 16:35:00,3781.75,3782.0,3781.25,3781.5,201
2021-01-14 16:36:00,3781.5,3781.75,3781.25,3781.75,62
2021-01-14 16:37:00,3781.75,3781.75,3781.25,3781.5,159
2021-01-14 16:38:00,3781.5,3781.75,3781.25,3781.5,64
2021-01-14 16:39:00,3781.25,3781.5,3781.25,3781.5,228
2021-01-14 16:40:00,3781.75,3781.75,3780.75,3781.0,340
2021-01-14 16:41:00,3781.0,3781.0,3780.75,3780.75,49
2021-01-14 16:42:00,3780.75,3780.75,3780.25,3780.5,209
2021-01-14 16:43:00,3780.25,3780.5,3779.75,3780.5,369
2021-01-14 16:44:00,3780.5,3780.5,3780.0,3780.25,247
2021-01-14 16:45:00,3780.0,3780.5,3780.0,3780.5,145
2021-01-14 16:46:00,3780.5,3780.75,3779.75,3780.0,704
2021-01-14 16:47:00,3780.0,3780.25,3778.25,3778.25,318
2021-01-14 16:48:00,3778.5,3778.75,3778.0,3778.0,350
2021-01-14 16:49:00,3778.0,3779.0,3778.0,3778.25,212
2021-01-14 16:50:00,3778.25,3778.5,3777.75,3778.25,132
2021-01-14 16:51:00,3778.0,3778.5,3778.0,3778.5,108
2021-01-14 16:52:00,3778.5,3779.0,3778.25,3779.0,177
2021-01-14 16:53:00,3779.0,3779.25,3778.5,3778.75,116
2021-01-14 16:54:00,3779.0,3779.75,3779.0,3779.5,91
2021-01-14 16:55:00,3779.75,3780.25,3779.0,3779.0,181
2021-01-14 16:56:00,3779.25,3779.5,3779.0,3779.0,104
2021-01-14 16:57:00,3779.0,3779.5,3779.0,3779.5,63
2021-01-14 16:58:00,3779.5,3779.75,3779.0,3779.25,184
2021-01-14 16:59:00,3779.25,3780.0,3779.25,3780.0,163
2021-01-14 18:00:00,3783.25,3785.0,3782.25,3784.75,753
2021-01-14 18:01:00,3784.75,3785.25,3784.0,3784.0,270
2021-01-14 18:02:00,3784.25,3785.0,3784.25,3784.75,181
2021-01-14 18:03:00,3785.0,3786.0,3784.75,3785.5,310
2021-01-14 18:04:00,3785.5,3787.0,3785.0,3786.25,438
2021-01-14 18:05:00,3786.25,3786.5,3785.25,3786.0,328
2021-01-14 18:06:00,3785.75,3786.25,3785.25,3785.5,165
2021-01-14 18:07:00,3785.5,3785.75,3785.0,3785.25,114
2021-01-14 18:08:00,3785.5,3785.5,3784.5,3784.5,114
2021-01-14 18:09:00,3784.5,3784.75,3784.25,3784.75,133
2021-01-14 18:10:00,3784.75,3785.75,3784.5,3785.5,170
2021-01-14 18:11:00,3785.75,3786.25,3785.5,3785.5,166
2021-01-14 18:12:00,3785.5,3785.75,3785.25,3785.75,99
2021-01-14 18:13:00,3785.75,3786.5,3785.5,3786.5,207
2021-01-14 18:14:00,3786.5,3787.0,3786.25,3786.5,279
2021-01-14 18:15:00,3786.75,3786.75,3786.0,3786.5,315
2021-01-14 18:16:00,3786.75,3786.75,3786.25,3786.25,135
2021-01-14 18:17:00,3786.25,3786.25,3785.0,3786.0,238
2021-01-14 18:18:00,3786.25,3786.25,3786.0,3786.25,82
2021-01-14 18:19:00,3786.25,3786.75,3786.0,3786.25,165
2021-01-14 18:20:00,3786.5,3786.5,3786.25,3786.5,38
2021-01-14 18:21:00,3786.25,3786.25,3785.25,3785.5,114
2021-01-14 18:22:00,3785.5,3786.25,3785.0,3786.0,185
2021-01-14 18:23:00,3786.0,3786.0,3785.75,3786.0,43
2021-01-14 18:24:00,3786.0,3786.25,3785.0,3785.5,112
2021-01-14 18:25:00,3785.5,3786.0,3785.25,3785.5,83
2021-01-14 18:26:00,3785.5,3786.25,3785.25,3786.0,149
2021-01-14 18:27:00,3786.25,3786.75,3786.0,3786.5,150
2021-01-14 18:28:00,3786.5,3786.75,3786.25,3786.5,96
2021-01-14 18:29:00,3786.5,3786.75,3786.0,3786.75,167
2021-01-14 18:30:00,3786.75,3787.0,3786.25,3786.25,160
2021-01-14 18:31:00,3786.5,3787.25,3786.0,3787.0,172
2021-01-14 18:32:00,3787.0,3788.0,3787.0,3787.5,192
2021-01-14 18:33:00,3787.25,3787.75,3787.25,3787.5,90
2021-01-14 18:34:00,3787.5,3787.75,3787.0,3787.5,75
2021-01-14 18:35:00,3787.25,3787.5,3787.25,3787.5,45
2021-01-14 18:36:00,3787.5,3787.75,3787.25,3787.75,109
2021-01-14 18:37:00,3787.75,3787.75,3786.75,3787.0,133
2021-01-14 18:38:00,3787.0,3787.75,3786.75,3787.25,149
2021-01-14 18:39:00,3787.25,3787.25,3787.0,3787.0,44
2021-01-14 18:40:00,3787.0,3787.5,3786.75,3787.0,95
2021-01-14 18:41:00,3787.0,3787.0,3786.0,3786.5,205
2021-01-14 18:42:00,3786.25,3786.75,3786.0,3786.25,113
2021-01-14 18:43:00,3786.25,3786.25,3785.0,3785.25,239
2021-01-14 18:44:00,3785.25,3785.75,3785.0,3785.75,103
2021-01-14 18:45:00,3785.75,3786.5,3785.5,3786.25,138
2021-01-14 18:46:00,3786.25,3786.25,3785.75,3785.75,91
2021-01-14 18:47:00,3785.75,3786.75,3785.5,3786.75,90
2021-01-14 18:48:00,3786.75,3786.75,3786.25,3786.25,148
2021-01-14 18:49:00,3786.25,3787.0,3786.25,3786.25,149
2021-01-14 18:50:00,3786.5,3787.25,3786.0,3786.25,198
2021-01-14 18:51:00,3786.25,3786.25,3785.75,3785.75,32
2021-01-14 18:52:00,3786.0,3786.0,3785.25,3785.25,156
2021-01-14 18:53:00,3785.25,3785.75,3785.0,3785.0,375
2021-01-14 18:54:00,3785.0,3785.25,3784.75,3784.75,50
2021-01-14 18:55:00,3785.0,3785.0,3784.75,3784.75,48
2021-01-14 18:56:00,3785.0,3785.0,3784.25,3784.5,158
2021-01-14 18:57:00,3784.5,3785.25,3784.25,3785.0,180
2021-01-14 18:58:00,3785.0,3785.25,3784.75,3785.0,126
2021-01-14 18:59:00,3785.25,3785.75,3785.0,3785.25,172
2021-01-14 19:00:00,3785.25,3785.25,3782.25,3782.25,764
2021-01-14 19:01:00,3782.25,3782.25,3780.5,3781.75,688
2021-01-14 19:02:00,3781.75,3783.75,3781.75,3782.75,568
2021-01-14 19:03:00,3783.0,3783.0,3782.0,3782.25,232
2021-01-14 19:04:00,3782.0,3782.75,3781.75,3782.25,231
2021-01-14 19:05:00,3782.0,3782.75,3781.75,3782.5,275
2021-01-14 19:06:00,3782.5,3782.5,3781.0,3781.5,306
2021-01-14 19:07:00,3781.5,3782.0,3781.25,3782.0,260
2021-01-14 19:08:00,3782.0,3782.0,3781.25,3781.75,163
2021-01-14 19:09:00,3781.75,3781.75,3780.25,3781.25,287
2021-01-14 19:10:00,3781.25,3781.5,3780.75,3781.0,133
2021-01-14 19:11:00,3781.0,3781.0,3779.5,3779.75,316
2021-01-14 19:12:00,3779.5,3782.25,3779.5,3782.25,343
2021-01-14 19:13:00,3782.0,3783.0,3781.75,3782.5,358
2021-01-14 19:14:00,3782.5,3783.0,3782.25,3782.75,241
2021-01-14 19:15:00,3782.75,3783.0,3782.25,3782.75,192
2021-01-14 19:16:00,3782.5,3783.0,3781.25,3782.0,343
2021-01-14 19:17:00,3781.75,3783.5,3781.75,3783.25,394
2021-01-14 19:18:00,3783.5,3783.75,3782.75,3783.75,558
2021-01-14 19:19:00,3783.75,3784.0,3782.0,3783.5,308
2021-01-14 19:20:00,3783.5,3784.75,3783.5,3784.5,385
2021-01-14 19:21:00,3784.25,3785.5,3784.25,3784.75,345
2021-01-14 19:22:00,3784.75,3785.5,3784.25,3784.5,281
2021-01-14 19:23:00,3784.75,3785.0,3783.5,3783.5,141
2021-01-14 19:24:00,3783.5,3785.0,3783.5,3784.75,155
2021-01-14 19:25:00,3784.75,3785.0,3784.5,3784.75,105
2021-01-14 19:26:00,3784.75,3785.25,3784.5,3784.75,113
2021-01-14 19:27:00,3784.5,3785.5,3784.5,3785.25,325
2021-01-14 19:28:00,3785.25,3786.5,3785.25,3785.75,297
2021-01-14 19:29:00,3785.75,3786.25,3785.25,3785.5,197
2021-01-14 19:30:00,3785.5,3785.75,3785.25,3785.5,163
2021-01-14 19:31:00,3785.5,3786.0,3785.25,3785.5,69
2021-01-14 19:32:00,3785.5,3785.5,3785.0,3785.25,230
2021-01-14 19:33:00,3785.25,3785.25,3783.5,3783.5,199
2021-01-14 19:34:00,3783.75,3784.0,3783.25,3783.5,272
2021-01-14 19:35:00,3783.75,3784.75,3783.75,3784.25,117
2021-01-14 19:36:00,3784.25,3785.0,3784.25,3785.0,89
2021-01-14 19:37:00,3784.75,3784.75,3782.25,3782.5,319
2021-01-14 19:38:00,3782.75,3782.75,3781.0,3781.0,343
2021-01-14 19:39:00,3780.75,3780.75,3775.5,3777.5,1977
2021-01-14 19:40:00,3777.5,3778.5,3776.75,3777.5,635
2021-01-14 19:41:00,3777.5,3778.0,3775.5,3776.75,494
2021-01-14 19:42:00,3776.75,3778.25,3776.5,3777.25,336
2021-01-14 19:43:00,3777.0,3778.25,3776.25,3777.75,465
2021-01-14 19:44:00,3777.75,3780.0,3777.5,3779.75,513
2021-01-14 19:45:00,3779.75,3780.0,3778.75,3779.25,275
2021-01-14 19:46:00,3779.25,3780.5,3778.75,3780.0,286
2021-01-14 19:47:00,3780.25,3781.25,3780.0,3780.75,336
2021-01-14 19:48:00,3780.75,3782.0,3780.25,3780.25,280
2021-01-14 19:49:00,3780.25,3780.75,3779.75,3779.75,205
2021-01-14 19:50:00,3779.75,3780.5,3779.5,3780.25,148
2021-01-14 19:51:00,3780.0,3780.0,3779.5,3780.0,95
2021-01-14 19:52:00,3779.75,3780.0,3779.5,3779.5,90
2021-01-14 19:53:00,3779.5,3779.75,3778.0,3778.0,302
2021-01-14 19:54:00,3778.0,3778.75,3778.0,3778.75,294
2021-01-14 19:55:00,3779.0,3779.25,3778.25,3778.25,203
2021-01-14 19:56:00,3778.25,3779.0,3778.0,3778.25,203
2021-01-14 19:57:00,3778.25,3778.25,3777.0,3777.25,349
2021-01-14 19:58:00,3777.5,3777.75,3775.75,3777.0,428
2021-01-14 19:59:00,3776.75,3778.75,3776.75,3778.25,352
2021-01-14 20:00:00,3778.25,3780.5,3777.75,3779.0,804
2021-01-14 20:01:00,3779.25,3780.25,3778.0,3778.0,206
2021-01-14 20:02:00,3777.75,3778.25,3767.5,3769.5,3413
2021-01-14 20:03:00,3769.5,3773.5,3768.5,3772.75,1422
2021-01-14 20:04:00,3772.75,3773.25,3771.75,3772.0,355
2021-01-14 20:05:00,3772.0,3772.75,3771.5,3772.0,329
2021-01-14 20:06:00,3772.0,3772.75,3771.75,3772.5,311
2021-01-14 20:07:00,3772.5,3773.5,3771.75,3773.25,407
2021-01-14 20:08:00,3773.25,3773.5,3772.5,3773.0,276
2021-01-14 20:09:00,3773.0,3773.0,3772.5,3773.0,213
2021-01-14 20:10:00,3773.0,3774.0,3772.25,3773.0,458
2021-01-14 20:11:00,3773.0,3774.0,3773.0,3773.0,263
2021-01-14 20:12:00,3773.0,3773.75,3772.75,3773.0,109
2021-01-14 20:13:00,3772.75,3773.75,3772.5,3772.75,237
2021-01-14 20:14:00,3773.0,3773.0,3772.5,3772.75,113
2021-01-14 20:15:00,3772.75,3774.75,3772.0,3774.5,786
2021-01-14 20:16:00,3774.5,3776.5,3774.5,3775.5,564
2021-01-14 20:17:00,3775.75,3776.25,3775.5,3776.0,196
2021-01-14 20:18:00,3776.0,3777.0,3775.75,3776.5,247
2021-01-14 20:19:00,3776.75,3777.0,3776.25,3776.75,168
2021-01-14 20:20:00,3777.0,3778.25,3777.0,3777.75,447
2021-01-14 20:21:00,3777.75,3777.75,3777.25,3777.25,199
2021-01-14 20:22:00,3777.25,3777.75,3777.0,3777.25,153
2021-01-14 20:23:00,3777.25,3777.25,3776.5,3776.75,243
2021-01-14 20:24:00,3777.0,3777.5,3776.75,3777.5,147
2021-01-14 20:25:00,3777.75,3778.0,3777.25,3777.25,184
2021-01-14 20:26:00,3777.5,3777.75,3776.75,3777.25,114
2021-01-14 20:27:00,3777.25,3779.0,3777.0,3778.5,316
2021-01-14 20:28:00,3778.5,3779.5,3778.0,3779.5,272
2021-01-14 20:29:00,3779.5,3780.25,3778.75,3779.0,264
2021-01-14 20:30:00,3779.0,3779.5,3778.5,3778.75,225
2021-01-14 20:31:00,3778.75,3779.25,3778.5,3779.25,125
2021-01-14 20:32:00,3779.25,3779.75,3779.0,3779.0,277
2021-01-14 20:33:00,3779.0,3779.0,3777.75,3778.25,351
2021-01-14 20:34:00,3778.5,3778.5,3778.0,3778.25,114
2021-01-14 20:35:00,3778.25,3778.5,3777.5,3777.5,206
2021-01-14 20:36:00,3777.25,3777.75,3777.0,3777.0,168
2021-01-14 20:37:00,3777.25,3777.75,3777.0,3777.0,229
2021-01-14 20:38:00,3777.25,3777.75,3777.0,3777.5,135
2021-01-14 20:39:00,3777.25,3777.5,3777.25,3777.5,87
2021-01-14 20:40:00,3777.5,3777.75,3777.0,3777.75,156
2021-01-14 20:41:00,3777.5,3777.75,3777.25,3777.25,134
2021-01-14 20:42:00,3777.25,3777.5,3777.0,3777.25,98
2021-01-14 20:43:00,3777.0,3777.0,3776.0,3776.0,245
2021-01-14 20:44:00,3776.0,3776.75,3776.0,3776.0,129
2021-01-14 20:45:00,3775.75,3777.25,3775.5,3777.0,281
2021-01-14 20:46:00,3777.0,3777.25,3776.25,3776.5,160
2021-01-14 20:47:00,3776.25,3776.25,3774.5,3775.25,333
2021-01-14 20:48:00,3775.0,3775.5,3774.75,3775.0,130
2021-01-14 20:49:00,3775.0,3775.5,3774.5,3775.0,206
2021-01-14 20:50:00,3775.0,3775.25,3774.25,3774.5,235
2021-01-14 20:51:00,3774.5,3775.0,3774.5,3774.75,173
2021-01-14 20:52:00,3774.75,3775.0,3774.25,3774.5,155
2021-01-14 20:53:00,3774.25,3774.25,3773.25,3773.5,255
2021-01-14 20:54:00,3773.5,3773.75,3772.5,3772.5,216
2021-01-14 20:55:00,3772.75,3772.75,3770.75,3772.25,554
2021-01-14 20:56:00,3772.25,3773.0,3772.0,3772.5,286
2021-01-14 20:57:00,3772.75,3774.25,3772.5,3774.0,259
2021-01-14 20:58:00,3774.0,3774.25,3773.0,3773.75,255
2021-01-14 20:59:00,3773.5,3773.5,3772.5,3772.75,173
2021-01-14 21:00:00,3772.75,3774.25,3772.5,3774.0,219
2021-01-14 21:01:00,3774.25,3774.75,3774.0,3774.25,191
2021-01-14 21:02:00,3774.5,3774.5,3773.75,3774.0,106
2021-01-14 21:03:00,3774.0,3774.0,3773.0,3773.25,78
2021-01-14 21:04:00,3773.25,3773.5,3771.75,3771.75,169
2021-01-14 21:05:00,3772.0,3772.75,3771.75,3772.5,193
2021-01-14 21:06:00,3772.75,3772.75,3771.75,3772.25,151
2021-01-14 21:07:00,3772.5,3773.0,3772.25,3772.5,150
2021-01-14 21:08:00,3772.25,3772.75,3772.0,3772.5,148
2021-01-14 21:09:00,3772.5,3773.0,3772.25,3773.0,104
2021-01-14 21:10:00,3772.75,3773.75,3772.75,3773.25,110
2021-01-14 21:11:00,3773.25,3773.5,3772.25,3772.5,132
2021-01-14 21:12:00,3772.5,3773.5,3772.25,3773.25,157
2021-01-14 21:13:00,3773.5,3773.5,3773.0,3773.0,96
2021-01-14 21:14:00,3773.0,3773.5,3772.75,3773.0,129
2021-01-14 21:15:00,3773.0,3773.0,3772.25,3772.75,115
2021-01-14 21:16:00,3773.0,3773.25,3772.75,3772.75,207
2021-01-14 21:17:00,3773.0,3773.0,3772.5,3772.75,142
2021-01-14 21:18:00,3772.75,3773.0,3772.25,3773.0,116
2021-01-14 21:19:00,3773.0,3773.25,3772.5,3772.5,195
2021-01-14 21:20:00,3772.5,3772.5,3771.25,3772.25,263
2021-01-14 21:21:00,3772.25,3772.75,3772.25,3772.25,93
2021-01-14 21:22:00,3772.5,3774.0,3772.5,3773.75,271
2021-01-14 21:23:00,3773.75,3774.0,3773.75,3773.75,146
2021-01-14 21:24:00,3773.75,3774.25,3773.5,3773.75,140
2021-01-14 21:25:00,3773.75,3774.5,3773.75,3774.0,173
2021-01-14 21:26:00,3774.0,3774.0,3773.75,3773.75,62
2021-01-14 21:27:00,3773.5,3773.75,3773.0,3773.25,47
2021-01-14 21:28:00,3773.0,3773.5,3773.0,3773.25,87
2021-01-14 21:29:00,3773.25,3773.5,3773.0,3773.5,85
2021-01-14 21:30:00,3773.5,3773.75,3773.25,3773.5,118
2021-01-14 21:31:00,3773.5,3773.75,3773.5,3773.5,52
2021-01-14 21:32:00,3773.5,3773.75,3773.5,3773.75,87
2021-01-14 21:33:00,3773.5,3773.75,3773.25,3773.75,85
2021-01-14 21:34:00,3773.75,3774.25,3773.75,3774.25,67
2021-01-14 21:35:00,3774.25,3776.0,3774.25,3775.25,444
2021-01-14 21:36:00,3775.25,3776.25,3775.25,3775.5,173
2021-01-14 21:37:00,3775.5,3776.0,3775.5,3776.0,209
2021-01-14 21:38:00,3775.75,3776.0,3775.25,3776.0,129
2021-01-14 21:39:00,3776.0,3776.25,3775.75,3776.0,105
2021-01-14 21:40:00,3776.25,3776.5,3775.75,3776.0,170
2021-01-14 21:41:00,3776.0,3776.0,3775.75,3776.0,71
2021-01-14 21:42:00,3776.0,3776.25,3776.0,3776.0,103
2021-01-14 21:43:00,3776.0,3776.25,3775.25,3775.5,138
2021-01-14 21:44:00,3775.25,3775.75,3775.25,3775.75,69
2021-01-14 21:45:00,3775.5,3776.0,3775.5,3775.75,90
2021-01-14 21:46:00,3775.75,3776.0,3775.5,3775.75,66
2021-01-14 21:47:00,3775.75,3775.75,3775.5,3775.75,35
2021-01-14 21:48:00,3775.75,3776.0,3775.5,3775.75,110
2021-01-14 21:49:00,3775.75,3776.25,3775.75,3775.75,125
2021-01-14 21:50:00,3776.0,3776.75,3775.75,3776.75,92
2021-01-14 21:51:00,3776.75,3776.75,3776.25,3776.5,105
2021-01-14 21:52:00,3776.75,3777.5,3776.75,3777.25,212
2021-01-14 21:53:00,3777.5,3777.5,3777.0,3777.25,73
2021-01-14 21:54:00,3777.0,3777.5,3777.0,3777.5,72
2021-01-14 21:55:00,3777.25,3777.5,3777.25,3777.25,33
2021-01-14 21:56:00,3777.25,3778.25,3777.25,3778.25,193
2021-01-14 21:57:00,3778.0,3778.25,3777.75,3778.25,160
2021-01-14 21:58:00,3778.25,3778.5,3778.0,3778.0,57
2021-01-14 21:59:00,3778.0,3778.25,3777.75,3778.25,96
2021-01-14 22:00:00,3778.25,3778.75,3777.75,3777.75,170
2021-01-14 22:01:00,3778.0,3778.5,3778.0,3778.5,143
2021-01-14 22:02:00,3778.5,3778.75,3778.25,3778.5,164
2021-01-14 22:03:00,3778.5,3778.75,3778.25,3778.5,142
2021-01-14 22:04:00,3778.5,3778.75,3778.5,3778.75,22
2021-01-14 22:05:00,3778.75,3778.75,3778.5,3778.5,74
2021-01-14 22:06:00,3778.5,3778.75,3778.5,3778.5,28
2021-01-14 22:07:00,3778.5,3778.5,3777.5,3777.5,132
2021-01-14 22:08:00,3777.5,3777.5,3776.75,3776.75,267
2021-01-14 22:09:00,3777.0,3777.25,3776.75,3776.75,60
2021-01-14 22:10:00,3776.75,3777.25,3776.75,3776.75,130
2021-01-14 22:11:00,3776.5,3776.5,3775.75,3775.75,139
2021-01-14 22:12:00,3776.0,3776.0,3775.25,3775.25,240
2021-01-14 22:13:00,3775.25,3775.5,3774.25,3774.75,294
2021-01-14 22:14:00,3774.75,3775.0,3774.0,3774.0,322
2021-01-14 22:15:00,3774.0,3774.0,3773.0,3773.25,299
2021-01-14 22:16:00,3773.25,3774.0,3773.0,3774.0,145
2021-01-14 22:17:00,3774.0,3774.25,3773.5,3774.0,163
2021-01-14 22:18:00,3774.0,3774.5,3773.75,3774.5,98
2021-01-14 22:19:00,3774.5,3775.5,3774.25,3775.0,198
2021-01-14 22:20:00,3775.0,3776.0,3775.0,3776.0,183
2021-01-14 22:21:00,3776.0,3776.0,3775.5,3775.5,69
2021-01-14 22:22:00,3775.5,3776.0,3775.5,3775.5,111
2021-01-14 22:23:00,3775.5,3775.5,3774.75,3774.75,121
2021-01-14 22:24:00,3775.0,3775.5,3775.0,3775.0,61
2021-01-14 22:25:00,3775.0,3775.0,3774.75,3774.75,92
2021-01-14 22:26:00,3774.5,3774.5,3773.75,3774.0,136
2021-01-14 22:27:00,3773.75,3774.0,3772.5,3772.75,211
2021-01-14 22:28:00,3772.75,3773.75,3772.5,3773.25,119
2021-01-14 22:29:00,3773.25,3774.0,3773.0,3774.0,71
2021-01-14 22:30:00,3774.0,3774.25,3773.5,3774.0,162
2021-01-14 22:31:00,3774.0,3775.25,3774.0,3775.0,136
2021-01-14 22:32:00,3775.0,3775.25,3774.5,3775.0,91
2021-01-14 22:33:00,3774.75,3775.0,3774.5,3774.75,43
2021-01-14 22:34:00,3774.5,3775.0,3774.25,3775.0,55
2021-01-14 22:35:00,3775.0,3775.25,3774.5,3774.5,51
2021-01-14 22:36:00,3774.5,3774.5,3773.75,3773.75,105
2021-01-14 22:37:00,3774.0,3774.0,3772.75,3772.75,66
2021-01-14 22:38:00,3772.75,3773.5,3772.5,3773.25,196
2021-01-14 22:39:00,3773.25,3773.5,3772.5,3772.75,87
2021-01-14 22:40:00,3773.0,3773.0,3772.5,3772.75,94
2021-01-14 22:41:00,3772.75,3773.5,3772.5,3773.25,81
2021-01-14 22:42:00,3773.25,3773.25,3772.75,3772.75,155
2021-01-14 22:43:00,3773.0,3773.25,3772.25,3772.25,159
2021-01-14 22:44:00,3772.25,3773.0,3772.25,3772.5,119
2021-01-14 22:45:00,3772.5,3773.0,3772.25,3773.0,148
2021-01-14 22:46:00,3773.25,3774.0,3773.25,3773.5,176
2021-01-14 22:47:00,3773.75,3774.0,3773.25,3773.5,92
2021-01-14 22:48:00,3773.25,3773.5,3771.5,3771.5,354
2021-01-14 22:49:00,3771.5,3772.0,3770.0,3770.5,577
2021-01-14 22:50:00,3770.25,3770.75,3770.25,3770.5,194
2021-01-14 22:51:00,3770.25,3770.75,3769.5,3770.0,549
2021-01-14 22:52:00,3770.0,3770.75,3770.0,3770.25,277
2021-01-14 22:53:00,3770.25,3770.5,3770.0,3770.25,189
2021-01-14 22:54:00,3770.5,3771.0,3770.25,3770.75,149
2021-01-14 22:55:00,3770.5,3770.75,3770.0,3770.5,207
2021-01-14 22:56:00,3770.5,3770.5,3769.0,3769.0,327
2021-01-14 22:57:00,3769.25,3769.5,3768.75,3769.0,150
2021-01-14 22:58:00,3769.0,3769.75,3766.25,3766.75,708
2021-01-14 22:59:00,3766.75,3768.0,3766.75,3767.5,497
2021-01-14 23:00:00,3767.25,3767.5,3765.75,3766.75,432
2021-01-14 23:01:00,3766.5,3767.25,3766.25,3766.5,281
2021-01-14 23:02:00,3766.5,3767.0,3766.0,3766.75,206
2021-01-14 23:03:00,3766.75,3767.5,3766.5,3767.0,240
2021-01-14 23:04:00,3767.0,3767.75,3766.25,3766.25,209
2021-01-14 23:05:00,3766.25,3767.0,3766.0,3766.75,157
2021-01-14 23:06:00,3766.75,3768.0,3766.5,3767.75,273
2021-01-14 23:07:00,3767.5,3768.75,3767.25,3768.75,305
2021-01-14 23:08:00,3768.75,3769.0,3768.25,3768.75,291
2021-01-14 23:09:00,3768.5,3769.5,3768.5,3769.5,278
2021-01-14 23:10:00,3769.25,3770.0,3769.0,3769.0,339
2021-01-14 23:11:00,3769.25,3769.25,3767.75,3768.0,270
2021-01-14 23:12:00,3768.0,3768.5,3767.25,3767.25,269
2021-01-14 23:13:00,3767.5,3768.25,3767.25,3768.25,268
2021-01-14 23:14:00,3768.25,3768.25,3767.25,3767.5,160
2021-01-14 23:15:00,3767.75,3768.25,3766.75,3767.75,252
2021-01-14 23:16:00,3767.75,3767.75,3765.75,3766.5,580
2021-01-14 23:17:00,3766.5,3766.75,3766.25,3766.75,146
2021-01-14 23:18:00,3767.0,3768.25,3766.75,3768.0,294
2021-01-14 23:19:00,3768.0,3769.0,3767.75,3768.25,254
2021-01-14 23:20:00,3768.0,3768.25,3767.75,3768.25,104
2021-01-14 23:21:00,3768.0,3768.5,3767.75,3768.0,79
2021-01-14 23:22:00,3768.25,3768.5,3768.0,3768.0,112
2021-01-14 23:23:00,3768.0,3768.25,3767.5,3768.0,89
2021-01-14 23:24:00,3768.25,3768.75,3767.75,3768.25,136
2021-01-14 23:25:00,3768.25,3768.25,3768.0,3768.0,46
2021-01-14 23:26:00,3768.25,3768.5,3767.75,3768.0,66
2021-01-14 23:27:00,3768.25,3769.0,3768.25,3768.75,144
2021-01-14 23:28:00,3768.75,3769.5,3768.75,3768.75,145
2021-01-14 23:29:00,3768.75,3769.25,3768.5,3768.75,101
2021-01-14 23:30:00,3768.75,3769.0,3768.75,3768.75,94
2021-01-14 23:31:00,3769.0,3769.25,3768.5,3769.0,73
2021-01-14 23:32:00,3769.0,3769.25,3768.75,3768.75,50
2021-01-14 23:33:00,3768.75,3769.0,3768.75,3768.75,61
2021-01-14 23:34:00,3768.75,3769.5,3768.75,3769.25,47
2021-01-14 23:35:00,3769.5,3769.5,3768.25,3768.5,141
2021-01-14 23:36:00,3768.75,3769.0,3768.5,3768.75,41
2021-01-14 23:37:00,3768.75,3768.75,3768.25,3768.75,141
2021-01-14 23:38:00,3768.75,3770.0,3768.75,3770.0,131
2021-01-14 23:39:00,3770.0,3770.5,3769.75,3770.0,200
2021-01-14 23:40:00,3770.25,3770.5,3770.0,3770.5,151
2021-01-14 23:41:00,3770.5,3770.5,3769.75,3769.75,73
2021-01-14 23:42:00,3770.0,3770.5,3770.0,3770.5,129
2021-01-14 23:43:00,3770.5,3771.0,3770.25,3770.5,215
2021-01-14 23:44:00,3770.5,3770.75,3770.0,3770.0,68
2021-01-14 23:45:00,3770.25,3770.5,3770.25,3770.25,44
2021-01-14 23:46:00,3770.0,3770.25,3769.5,3769.75,70
2021-01-14 23:47:00,3769.75,3769.75,3769.0,3769.0,88
2021-01-14 23:48:00,3769.25,3769.5,3768.5,3768.75,86
2021-01-14 23:49:00,3769.0,3769.25,3768.75,3769.0,62
2021-01-14 23:50:00,3769.0,3769.75,3769.0,3769.75,84
2021-01-14 23:51:00,3769.75,3769.75,3768.5,3768.75,79
2021-01-14 23:52:00,3768.75,3769.0,3768.75,3768.75,31
2021-01-14 23:53:00,3769.0,3771.0,3769.0,3770.0,223
2021-01-14 23:54:00,3770.0,3770.0,3769.0,3769.0,87
2021-01-14 23:55:00,3769.0,3769.75,3769.0,3769.5,70
2021-01-14 23:56:00,3769.5,3770.5,3769.0,3769.5,142
2021-01-14 23:57:00,3769.5,3769.75,3769.25,3769.25,76
2021-01-14 23:58:00,3769.0,3769.0,3768.25,3768.75,107
2021-01-14 23:59:00,3768.5,3768.75,3768.5,3768.5,74
2021-01-15 00:00:00,3768.5,3768.5,3767.75,3768.0,176
